-- This file was auto-generated by /scripts/ods_to_sql.py

insert into construction_sections(`id`, `name`) values
	(1, 'Budynki'),
	(2, 'Obiekty inż. lądowej i wodnej');

insert into construction_divisions(`id`, `name`, `section_id`) values
	(1, 'mieszkalne', 1),
	(2, 'niemieszkalne', 1),
	(3, 'Infrastruktura transportu', 2),
	(4, 'Rurociągi, linie telekomunikacyjne i elektroenrgetyczne', 2),
	(5, 'kompleksowe budowle na terenach przemysłowych', 2),
	(6, 'pozostałe Obiekty inzynierii lądowej i wodnej', 2);

insert into construction_groups(`id`, `name`, `division_id`) values
	(1, 'Budynki mieszkalne jednorodzinne', 1),
	(2, 'Budynki o dwóch mieszkaniach i wielomieszkaniowe', 1),
	(3, 'Budynki zbiorowego zamieszkania', 1),
	(4, 'Hotele i budynki zakwaterowania turystycznego ', 2),
	(5, 'Budynki biurowe', 2),
	(6, 'Budynki handlowo-usługowe', 2),
	(7, 'Budynki transportu i łączności ', 2),
	(8, 'Budynki przemysłowe i magazynowe', 2),
	(9, 'Ogólnodostępne obiekty kulturalne, budynki o charakterze edukacyjnym, budynki szpitali i zakładów opieki medycznej oraz budynki kultury fizycznej', 2),
	(10, 'Pozostałe budynki niemieszkalne', 2),
	(11, 'Autostrady, drogi ekspresowe, ulice i drogi pozostałe', 3),
	(12, 'Drogi szynowe, drogi kolei napowietrznych lub podwieszanych', 3),
	(13, 'Drogi lotniskowe', 3),
	(14, 'Mosty, wiadukty i estakady, tunele i przejścia nadziemne i podziemne', 3),
	(15, 'Budowle wodne', 3),
	(16, 'Rurociągi i linie telekomunikacyjne oraz linieelektroenergetyczne przesyłowe', 4),
	(17, 'Rurociągi sieci rozdzielczej i linie kabloweRozdzielcze', 4),
	(18, 'Kompleksowe budowle na terenach przemysłowych', 5),
	(19, 'Budowle sportowe i rekreacyjne', 6),
	(20, 'Obiekty inżynierii lądowej i wodnej pozostałe, gdzie indziej nie sklasyfikowane', 6);

insert into construction_classes(`id`, `name`, `group_id`, `pkob`) values
	(1, 'Budynki mieszkalne jednorodzinne', 1, 1110),
	(2, 'Budynku o dwóch mieszkaniach', 2, 1121),
	(3, 'Budynki o trzech i więcej mieszkaniach', 2, 1122),
	(4, 'Budynki zbiorowego zamieszkania', 3, 1130),
	(5, 'Budynki hoteli', 4, 1211),
	(6, 'Budynki zakwaterowania turystycznego, pozostałe', 4, 1212),
	(7, 'Budynki biurowe', 5, 1220),
	(8, 'Budynki handlowo-usługowe', 6, 1230),
	(9, 'Budynki transportu i łączności ', 7, 1241),
	(10, 'budynki garaży', 7, 1242),
	(11, 'Budynki przemysłowe', 8, 1251),
	(12, 'Zbiorniki, silosy i budynki magazynowe', 8, 1252),
	(13, 'Ogólnodostępne obiekty kulturalne', 9, 1261),
	(14, 'Budynki muzeów i bibliotek', 9, 1262),
	(15, 'Budynki szkół i instytucja badawczych', 9, 1263),
	(16, 'Budynki szpitali i zakładów opieki medycznej', 9, 1264),
	(17, 'Budynki kultury fizycznej', 9, 1265),
	(18, 'Budynki gospodarstw rolnych', 10, 1271),
	(19, 'Budynki przeznaczone do sprawowania kultu religijnego i czynności religijnych', 10, 1272),
	(20, 'Obiekty budowlane wpisane do rejestru zabytków i objęte indywidualną ochroną konserwatorską oraz nieruchome, archeologiczne dobra kultury', 10, 1273),
	(21, 'Pozostałe budynki niemieszkalne', 10, 1274),
	(22, 'Autostrady i drogi ekspresowe', 11, 2111),
	(23, 'Ulice i drogi pozostałe', 11, 2112),
	(24, 'Drogi szynowe kolejowe', 12, 2121),
	(25, 'Drogi szynowe na obszarach miejskich, drogi kolei napowietrznych lub podwieszanych', 12, 2122),
	(26, 'Drogi lotniskowe', 13, 2130),
	(27, 'Mosty wiadukty i estakady', 14, 2141),
	(28, 'Tunele i przejścia podziemne', 14, 2142),
	(29, 'Porty, przystanie i kanały żeglowne', 15, 2151),
	(30, 'Zapory wodne', 15, 2152),
	(31, 'Budowle inżynierskie służące do nawadniania i kultywacji ziemi', 15, 2153),
	(32, 'Budowle inżynierskie służące do nawadniania i kultywacji ziemi', 16, 2211),
	(33, 'Rurociągi przesyłowe do transportu ropy naftowej i gazu', 16, 2211),
	(34, 'Rurociągi przesyłowe do transportu wody i ścieków', 16, 2212),
	(35, 'Linie telekomunikacyjne przesyłowe', 16, 2212),
	(36, 'Linie elektroenergetyczne przesyłowe', 16, 2214),
	(37, 'Rurociągi sieci rozdzielczej gazu', 17, 2221),
	(38, 'Rurociągi sieci wodociągowej rozdzielczej', 17, 2222),
	(39, 'Rurociągi sieci kanalizacyjnej rozdzielczej', 17, 2223),
	(40, 'Linie elektroenergetyczne i telekomunikacyjne Rozdzielcze', 17, 2224),
	(41, 'Budowle dla górnictwa i kopalnictwa', 18, 2301),
	(42, 'Elektrownie', 18, 2302),
	(43, 'Zakłady chemiczne', 18, 2303),
	(44, 'Zakłady przemysłu ciężkiego, gdzie indziej nie sklasyfikowane', 18, 2304),
	(45, 'Boiska i budowle sportowe', 19, 2411),
	(46, 'Budowle sportowe i rekreacyjne pozostałe', 19, 2412),
	(47, 'Obiekty inżynierii lądowej i wodnej pozostałe, gdzie indziej nie sklasyfikowane', 20, 2420);

insert into construction_specs(`id`, `name`, `class_id`, `zl_class`, `ob_cat`) values
	(1, 'pawilony', 1, 'ZL IV', 'I'),
	(2, 'wille', 1, 'ZL IV', 'I'),
	(3, 'domki wypoczynkowe', 1, 'ZL IV', 'I'),
	(4, 'leśniczówki', 1, 'ZL IV', 'I'),
	(5, 'domy mieszkalne w gospodarstwach rolnych', 1, 'ZL IV', 'I'),
	(6, 'rezydencje wiejskie', 1, 'ZL IV', 'I'),
	(7, 'domy letnie', 1, 'ZL IV', 'I'),
	(8, 'domy bliźniacze – własne wejście z poziomu gruntu', 1, 'ZL IV', 'I'),
	(9, 'domy szeregowe  – własne wejście z poziomu gruntu', 1, 'ZL IV', 'I'),
	(10, 'Budynki mieszkalne jednorodzinne', 1, 'ZL IV', 'I'),
	(11, 'budynki: Domy bliźniacze dwulokalowe', 2, 'ZL IV', 'I'),
	(12, 'budynki: Domy szergowe dwulokalowe', 2, 'ZL IV', 'I'),
	(13, 'budynki samodzielne', 2, 'ZL II', '-'),
	(14, 'budynki o trzech i więcej mieszkaniach', 3, 'ZL III', '-'),
	(15, 'domy mieszkalne dla ludzi starszych', 4, 'ZL II', '-'),
	(16, 'domy studenckie', 4, 'ZL II', '-'),
	(17, 'domy dziecka', 4, 'ZL V', '-'),
	(18, 'domy innych grup społecznych', 4, 'ZL V', '-'),
	(19, 'DPS', 4, 'ZL V', '-'),
	(20, 'domy opieki społecznej', 4, 'ZL V', '-'),
	(21, 'budynki mieszkalne na terenie koszar', 4, 'ZL V', '-'),
	(22, 'budynki mieszkalne na terenie zakładów karnych', 4, 'ZL V', '-'),
	(23, 'budynki mieszkalne na terenie zakładów poprawczych', 4, 'ZL V', '-'),
	(24, 'budynki mieszkalne na terenie aresztów śledczych', 4, 'ZL V', '-'),
	(25, 'budynki rezydencji biskupich', 4, 'ZL V', 'IX'),
	(26, 'budynki rezydencji prezydenckich', 4, 'ZL V', '-'),
	(27, 'hotele robotnicze', 4, 'ZL V', '-'),
	(28, 'internaty', 4, 'ZL V', '-'),
	(29, 'bursy szkolne', 4, '-', '-'),
	(30, 'domy dla bezdomnych', 4, 'ZL V', '-'),
	(31, 'hotele', 5, 'ZL V', '-'),
	(32, 'gospody', 5, 'ZL V', '-'),
	(33, 'pensjonaty', 5, 'ZL V', '-'),
	(34, 'budynki oferujące zakwaterowanie', 5, 'ZL V', '-'),
	(35, ' motele', 5, 'ZL V', '-'),
	(36, 'samodzielne restaruracje i bary', 5, 'ZL V', '-'),
	(37, 'schroniska młodzieżowe', 6, 'ZL V', '-'),
	(38, 'schroniska górskie', 6, 'ZL V', '-'),
	(39, 'domki kempingowe', 6, 'ZL V', '-'),
	(40, 'domy wypoczynkowe', 6, 'ZL III', '-'),
	(41, 'budynki zakwaterowania turystycznego', 6, 'ZL III', '-'),
	(42, 'banki', 7, 'ZL III', '-'),
	(43, 'urzędy pocztowe', 7, 'ZL III', '-'),
	(44, 'urząd miejski', 7, 'PM', '-'),
	(45, 'urząd gminy', 7, 'PM', '-'),
	(46, 'budynki miejsc pracy', 7, 'PM', '-'),
	(47, 'budynki admistracyjne', 7, 'PM', '-'),
	(48, 'centra konferencyjne', 7, 'PM', '-'),
	(49, 'budynki sądów', 7, 'PM', '-'),
	(50, 'Centra handlowe', 8, 'PM', '-'),
	(51, 'domy towarowe', 8, 'PM', '-'),
	(52, 'samodzielne sklepy', 8, 'PM', '-'),
	(53, 'butiki', 8, 'PM', '-'),
	(54, 'hale targowe', 8, 'PM', '-'),
	(55, 'hale wystawowe', 8, 'PM', '-'),
	(56, 'hale aukcyjne', 8, 'PM', '-'),
	(57, 'targowiska pod dachem', 8, '-', 'XI'),
	(58, 'stacje paliw', 8, '-', 'XII'),
	(59, 'stacje obsługi', 8, '-', 'I'),
	(60, 'apteki', 8, '-', 'II'),
	(61, 'budynki lotnisk', 9, '-', 'III'),
	(62, 'budynki dworców kolejowych ', 9, '-', 'IV'),
	(63, 'budynki dwórców autobusowych ', 9, '-', 'V'),
	(64, 'budynki terminali portowych', 9, '-', 'VI'),
	(65, 'budynki stacji kolejek górskich', 9, '-', 'VII'),
	(66, 'budynki stacji nadawczych radia i telewizji', 9, '-', 'VIII'),
	(67, 'budynki central telefonicznych ', 9, '-', 'IX'),
	(68, 'budynki central telekomunikacyjnych', 9, '-', 'X'),
	(69, 'hangary lotnicze', 9, '-', 'XI'),
	(70, 'budynki nastawni kolejowych', 9, '-', 'XII'),
	(71, 'zajezdnie dla lokomotyw i wagonów', 9, '-', 'I'),
	(72, 'budynki telefoniczne', 9, '-', 'II'),
	(73, 'budynki latarni morskich', 9, '-', 'III'),
	(74, 'budynki kontroli ruchu powietrznego', 9, '-', 'IV'),
	(75, 'garaże', 10, '-', 'V'),
	(76, 'zadaszone parkingi', 10, '-', 'VI'),
	(77, 'budynki do przechowywania rowerów', 10, '-', 'VII'),
	(78, 'Budynki produkcyjne', 11, 'PM', '-'),
	(79, 'Fabryki', 11, 'PM', '-'),
	(80, 'wytwórnie filmowe', 11, 'PM', '-'),
	(81, 'rzeźnie', 11, 'PM', '-'),
	(82, 'browary', 11, 'PM', '-'),
	(83, 'montownie', 11, 'PM', '-'),
	(84, 'Zbiorniki na ciecze', 12, 'PM', '-'),
	(85, 'Zbiorniki na gazy', 12, 'PM', '-'),
	(86, 'Zbiorniki na cement', 12, 'PM', '-'),
	(87, 'Zbiorniki na towary sypkie', 12, 'PM', '-'),
	(88, 'Powierzchnie magazynowe', 12, 'PM', '-'),
	(89, 'Chłodnie', 12, 'PM', '-'),
	(90, 'Budynki składowe specjalizowane', 12, 'PM', '-'),
	(91, 'Kina ', 13, 'ZL I', 'IX'),
	(92, 'sale koncertowe', 13, 'ZL I', 'IX'),
	(93, 'opery', 13, 'ZL I', 'IX'),
	(94, 'domy kultury', 13, 'ZL I', 'IX'),
	(95, 'teatry', 13, 'ZL I', 'IX'),
	(96, 'sale wykorzystywane do celów rozrywkowych', 13, 'ZL I', 'IX'),
	(97, 'kasyna', 13, 'ZL I', '-'),
	(98, 'cyrki', 13, 'ZL I', '-'),
	(99, 'teatry muzyczne', 13, 'ZL I', 'IX'),
	(100, 'sale taneczne', 13, 'ZL I', 'IX'),
	(101, 'dyskoteki', 13, 'ZL I', '-'),
	(102, 'budynki schronisk dla zweirząt', 13, 'ZL I', '-'),
	(103, 'budynki ogrdów zoologicznych', 13, 'ZL I', 'IX'),
	(104, 'budynki ogrdów botanicznych', 13, 'ZL I', 'IX'),
	(105, 'estrady', 13, 'ZL I', 'IX'),
	(106, 'Muzea', 14, 'ZL I', 'IX'),
	(107, 'galerie sztuki', 14, 'ZL I', 'IX'),
	(108, 'Biblioteki', 14, 'ZL I', 'IX'),
	(109, 'centra informacyjne', 14, 'ZL I', '-'),
	(110, 'budynki Archiwum', 14, 'ZL I', 'IX'),
	(111, 'przedszkola', 15, 'ZL II', 'IX'),
	(112, 'szkoły', 15, 'ZL III', 'IX'),
	(113, 'placówki skół wyższych', 15, 'ZL III', 'IX'),
	(114, 'żłobki', 15, 'ZL II', 'IX'),
	(115, 'szkoły podstawowe', 15, 'ZL III', 'IX'),
	(116, 'szkoły zawodowe', 15, 'ZL III', 'IX'),
	(117, 'Specjalne szkoły dla osób niepełnosprawnych', 15, 'ZL II', '-'),
	(118, 'stacje meteorologiczne ', 15, 'ZL III', '-'),
	(119, 'stacje hydrologiczne', 15, 'ZL III', '-'),
	(120, 'budynki obserwatoriów', 15, 'ZL III', '-'),
	(121, 'gimnazja', 15, 'ZL III', '-'),
	(122, 'labolatoria badawcze', 15, 'ZL III', '-'),
	(123, 'placówki badawcze', 15, 'ZL III', '-'),
	(124, 'ośrodki kształcenia ustawicznego', 15, 'ZL III', '-'),
	(125, 'Budynki instytucji świadczących usługi medyczne i chirurgiczneoraz pielęgnacyjne dla ludzi', 16, 'ZL III', '-'),
	(126, 'Sanatoria', 16, 'ZL II', '-'),
	(127, 'szpitale długoterminowego lecznictwa', 16, 'ZL II', '-'),
	(128, 'szpitalePsychiatryczne', 16, 'ZL II', '-'),
	(129, 'przychodnie', 16, 'ZL II', '-'),
	(130, 'poradnie', 16, 'ZL II', '-'),
	(131, 'Żłobki', 16, 'ZL II', '-'),
	(132, 'ośrodki pomocyspołecznej dla matki i dziecka', 16, 'ZL II', '-'),
	(133, 'Szpitale kliniczne', 16, 'ZL II', '-'),
	(134, 'Szpitale więzienne i wojskowe', 16, 'ZL II', '-'),
	(135, 'Budynki przeznaczone do termoterapii', 16, 'ZL II', '-'),
	(136, 'Budynki przeznaczone do wodolecznictwa', 16, 'ZL II', '-'),
	(137, 'Budynki przeznaczone do rehabilitacji', 16, 'ZL II', '-'),
	(138, 'laktaria', 16, 'ZL II', '-'),
	(139, 'Kliniki Weterynaryjne', 16, 'ZL III', '-'),
	(140, 'stacje krwiodawstwa', 16, 'ZL II', '-'),
	(141, 'Budynki instytucji ochrony zdrowia świadczące usługizakwaterowania, z opieką lekarską i pielęgniarską dla ludzi starszych, niepełnosprawnych', 16, 'ZL II', '-'),
	(142, 'Budynki przeznaczone dla imprez sportowych w halach', 17, 'ZL I', '-'),
	(143, 'Zadaszone trybuny do oglądania sportów na świeżym powietrzu', 17, 'ZL I', '-'),
	(144, 'Budynki gospodarstw rolnych i budynki magazynowe dladziałalności rolniczej', 18, 'IN', '-'),
	(145, 'silosy rolnicze', 18, 'PM', '-'),
	(146, 'szklarnie', 18, 'IN', '-'),
	(147, 'kadzie na wino', 18, 'IN', '-'),
	(148, 'piwnice do przechowywaniaWina', 18, 'IN', '-'),
	(149, 'spiżarnie', 18, 'IN', '-'),
	(150, 'szopy rolnicze', 18, 'IN', '-'),
	(151, 'krematoria', 19, 'ZL III', 'X'),
	(152, 'domy pogrzebowe', 19, 'ZL III', 'X'),
	(153, 'Cmentarze i obiekty z nimi związane', 19, 'ZL V', 'VI'),
	(154, 'synagogi', 19, 'ZL I', 'X'),
	(155, 'meczety', 19, 'ZL I', 'X'),
	(156, 'cerkwie', 19, 'ZL I', 'X'),
	(157, 'kaplice', 19, 'ZL I', 'X'),
	(158, 'Kościoły', 19, 'ZL I', 'X'),
	(159, 'Wszelkie obiekty budowlane bez względu na stan zachowania,ale nie wykorzystywane do innych celów', 20, '-', '-'),
	(160, 'gdzie indziej nie wymienione', 21, '-', '-'),
	(161, 'łaźnie', 21, 'ZL I', '-'),
	(162, 'toalety publiczne', 21, 'ZL I', '-'),
	(163, 'Wiaty Autobusowe', 21, 'PM', '-'),
	(164, 'Obiekty miejskie użyteczności publicznej', 21, 'ZL III', '-'),
	(165, 'Autostrady i drogi ekspresowe międzymiastowe, w tym skrzyżowania i węzły wraz z infrastrukturą', 22, 'PM', 'IV'),
	(166, 'Drogi na obszarach miejskich i zamiejskich wraz z infrastrukturą', 23, 'PM', '-'),
	(167, 'stacje rozrządowe,', 24, 'PM', '-'),
	(168, 'stacje postojowe', 24, 'ZL I', '-'),
	(169, 'stacje', 24, 'ZL I', '-'),
	(170, 'Budowle i urządzenia przeznaczone do prowadzenia ruchu kolejowego', 24, 'PM', '-'),
	(171, 'Urządzenia i instalacje do sterowania ruchem kolejowym', 24, 'PM', '-'),
	(172, 'Drogi szynowe na obszarach miejskich', 25, 'PM', '-'),
	(173, 'metro', 25, 'ZL I', '-'),
	(174, 'sieć miejska (linie tramwajowe)', 25, '-', '-'),
	(175, 'Drogi kolei napowietrznych lub podwieszanych', 25, '-', '-'),
	(176, 'Budowle i urządzenia przeznaczone do prowadzenia ruchu', 25, '-', '-'),
	(177, 'Urządzenia i instalacje do sterowania ruchem', 25, '-', '-'),
	(178, 'Pasy startowe', 26, '-', 'XXVI'),
	(179, 'systemy oświetlenia nawigacyjnego oraz systemy awaryjnego zasilania', 26, '-', '-'),
	(180, 'instalacje sygnalizacji świetlnej', 26, '-', '-'),
	(181, 'rowy odwadniające', 26, '-', '-'),
	(182, 'Nasypy', 26, '-', '-'),
	(183, 'Place postoju samolotów', 26, 'PM', 'XXVI'),
	(184, 'Miejsca startu śmigłowców', 26, 'PM', 'XXVI'),
	(185, 'mostki', 27, '-', 'XXVIII'),
	(186, 'kładki', 27, '-', 'XXVIII'),
	(187, 'mosty dla pieszych', 27, '-', 'XXVIII'),
	(188, 'mosty na drogach wiejskich i leśnych', 27, '-', 'XXVIII'),
	(189, 'wiadukty', 27, '-', 'XXVIII'),
	(190, 'mosty ruchome', 27, '-', 'XXVIII'),
	(191, 'estakady', 27, '-', 'XXVIII'),
	(192, 'Mosty drogowe i kolejowe', 27, '-', 'XXVIII'),
	(193, 'Mosty', 27, '-', 'XXVIII'),
	(194, 'Budowle podziemne przeznaczone do ruchu drogowego, I kolejowego i pieszego wraz z infra. Tow', 28, '-', '-'),
	(195, 'Stocznie', 29, '-', '-'),
	(196, 'Porty wojskowe', 29, '-', '-'),
	(197, 'uregulowane brzegi rzek i dróg wodnych', 29, '-', '-'),
	(198, 'nabrzeża', 29, '-', '-'),
	(199, 'kanałowe', 29, '-', '-'),
	(200, 'tunele kanałowe', 29, '-', '-'),
	(201, 'mosty', 29, '-', '-'),
	(202, 'śluzy', 29, '-', '-'),
	(203, 'Budowle rzeczne i na jeziorach', 29, '-', '-'),
	(204, 'Kanały żeglowne', 29, '-', '-'),
	(205, 'pomosty', 29, '-', '-'),
	(206, 'tamy (groble) portowe', 29, '-', '-'),
	(207, 'mola', 29, '-', '-'),
	(208, 'falochrony', 29, '-', '-'),
	(209, 'baseny portowe', 29, '-', '-'),
	(210, 'doki', 29, '-', '-'),
	(211, 'Budowle portowe', 29, '-', '-'),
	(212, 'Porty', 29, '-', '-'),
	(213, 'przystanie i kanały żeglowne', 29, '-', '-'),
	(214, 'Budowle wodne', 29, '-', '-'),
	(215, 'Zapory wodne i podobne budowle do zatrzymywania wody dla wszelkich celów', 30, '-', 'XXVII'),
	(216, 'jazy', 30, '-', 'XXVII'),
	(217, 'tamy', 30, '-', 'XXVII'),
	(218, 'Groble', 30, '-', 'XXVII'),
	(219, 'Budowle służące drenażowi i otwarte rowy drenażowe', 31, '-', '-'),
	(220, 'Akwedukty', 31, '-', '-'),
	(221, 'Kanały irygacyjne i inne budowle związane z dostarczaniem wody dla celów kultywacji ziemi', 31, '-', '-'),
	(222, 'Rurociągi przesyłowe naziemne, podziemne lub podwodne do transportu produktów naftowych i gazu', 32, '-', 'XXVI'),
	(223, 'Rurociągi przesyłowe naziemne, podziemne lub podwodne do transportu produktów chemicznych i innych produktów', 33, '-', 'XXVI'),
	(224, 'Stacje pomp', 33, '-', '-'),
	(225, 'Stacje filtrów lub ujęć wody', 34, '-', '-'),
	(226, 'Stacje pomp', 34, '-', '-'),
	(227, 'Rurociągi przesyłowe naziemne, podziemne i podwodne do transportu wody i ścieków', 34, '-', '-'),
	(228, 'infrastruktura radiokomunikacyjna', 35, '-', '-'),
	(229, 'Maszty, wieże i słupy telekomunikacyjne', 35, '-', '-'),
	(230, 'radary', 35, '-', '-'),
	(231, 'stacje przekaźnikowe', 35, '-', '-'),
	(232, 'sieci radiowe', 35, '-', 'XXVI'),
	(233, 'Sieci telewizyjne lub kablowe', 35, '-', 'XXVI'),
	(234, 'Linie telekomunikacyjne', 35, '-', 'XXVI'),
	(235, 'Linie telekomunikacyjne przesyłowe', 35, '-', 'XXVI'),
	(236, 'Słupowe stacje transformatorowe (bez transformatorów) i rozdzielcze', 36, '-', '-'),
	(237, 'Linie elektroenergetyczne przesyłowe nadziemne lub podziemne', 36, '-', '-'),
	(238, 'Rurociągi sieci rozdzielczej gazu naziemne i podziemne', 37, '-', '-'),
	(239, 'Studnie', 38, '-', '-'),
	(240, 'Rurociągi sieci rozdzielczej gorącej wody, pary i sprężonego powietrza', 38, '-', '-'),
	(241, 'fontanny', 38, '-', '-'),
	(242, 'wieże ciśnień', 38, '-', '-'),
	(243, 'hydranty', 38, '-', '-'),
	(244, 'Rurociągi sieci rozdzielczej wody', 38, '-', '-'),
	(245, 'Rurociągi sieci kanalizacyjnej rozdzielczej i kolektory', 38, '-', '-'),
	(246, 'Oczyszczalnie wód i ścieków', 39, '-', 'XXX'),
	(247, 'Linie elektroenergetyczne i telekomunikacyjne rozdzielcze', 40, '-', '-'),
	(248, 'Lokalne sieci telewizji kablowej i związane z nią anteny Zbiorcze', 40, '-', '-'),
	(249, 'Budowle dla górnictwa i kopalnictwa', 41, '-', '-'),
	(250, 'Budowle eksploatacji złóż węglowodorów', 41, '-', '-'),
	(251, 'budowle żwirowni', 41, '-', '-'),
	(252, 'budowle eksploatacji kamieniołomów', 41, '-', '-'),
	(253, 'Budowle wytwórni gipsu', 41, '-', '-'),
	(254, 'budowle cementowni', 41, '-', '-'),
	(255, 'Budowle cegielni', 41, '-', '-'),
	(256, 'Budowle wytwórnimateriałów budowlanych ceramicznych', 41, '-', '-'),
	(257, 'Elektrownie wodne lub cieplne wytwarzające energie Elektryczną', 42, '-', '-'),
	(258, 'elektrownie napędzane wiatrem', 42, '-', '-'),
	(259, 'Spalarnie odpadów', 42, '-', '-'),
	(260, 'Budowle zakładów do przetwarzania paliwa nuklearnego', 42, '-', '-'),
	(261, 'Budowle, będące częścią zakładów chemicznych', 43, '-', '-'),
	(262, 'Budowle pertochemii', 43, '-', '-'),
	(263, 'Budowle rafinerii', 43, '-', '-'),
	(264, 'Urządzenia końcowe dla węglowodorów', 43, '-', '-'),
	(265, 'Koksownie ', 43, '-', '-'),
	(266, 'gazownie', 43, '-', '-'),
	(267, 'Budowle będące częścią terenów zakładów przemysłu ciężkiego', 44, '-', '-'),
	(268, 'wielkie piece', 44, '-', '-'),
	(269, 'odlewnie', 44, '-', '-'),
	(270, 'walcownie', 44, '-', '-'),
	(271, 'Zagospodarowane tereny sportowe przeznaczone do uprawiania sportów na świeżym powietrzu', 45, '-', '-'),
	(272, 'wyciągi krzesełkowe i kabinowe', 46, '-', '-'),
	(273, 'Wyciągi orczykowe', 46, '-', '-'),
	(274, 'trasy i szlaki narciarskie', 46, '-', '-'),
	(275, 'Wesołe miasteczka lub parki wypoczynkowe oraz inne obiekty na wolnym powietrzu', 46, '-', '-'),
	(276, 'wyposażenie plaż i bazy sportów wodnych', 46, '-', '-'),
	(277, 'przystanie jachtowe', 46, '-', '-'),
	(278, 'ośrodki jazdy konnej', 46, '-', '-'),
	(279, 'lotniska sportowe', 46, '-', '-'),
	(280, 'pola golfowe', 46, '-', '-'),
	(281, 'tory saneczkowe', 46, '-', 'V'),
	(282, 'tory bobslejowe', 46, '-', 'V'),
	(283, 'Skocznie', 46, '-', 'V'),
	(284, 'Schroniska dla zwierząt', 46, '-', '-'),
	(285, 'ogrody botaniczne i zoologiczne', 46, '-', '-'),
	(286, 'skwery', 46, '-', '-'),
	(287, 'Ogrody i parki publiczne', 46, '-', '-'),
	(288, 'wojskowe centra doświadczalne', 47, '-', '-'),
	(289, 'strzelnice (poligony)', 47, '-', '-'),
	(290, 'bunkry', 47, '-', '-'),
	(291, 'blokhauzy', 47, '-', '-'),
	(292, 'forty', 47, '-', '-'),
	(293, 'Obiekty inżynierii wojskowej', 47, '-', '-'),
	(294, 'Wysypiska śmieci i miejsca składowania odpadów', 47, '-', '-'),
	(295, 'Porzucone obiekty byłych terenów przemysłowych lub miejskich', 47, '-', '-');