-- This script was auto-generated by /scripts/ods_to_sql.py


------------------------------------
--
-- PKOB
--
------------------------------------


insert into construction_sections(`id`, `name`) values
	(1, '-'),
	(2, 'Budynki'),
	(3, 'Obiekty inż. lądowej i wodnej');

insert into construction_divisions(`id`, `name`, `section_id`) values
	(1, '-', 1),
	(2, '-', 2),
	(3, 'mieszkalne', 2),
	(4, 'niemieszkalne', 2),
	(5, '-', 3),
	(6, 'Infrastruktura transportu', 3),
	(7, 'Rurociągi, linie telekomunikacyjne i elektroenrgetyczne', 3),
	(8, 'kompleksowe budowle na terenach przemysłowych', 3),
	(9, 'pozostałe Obiekty inzynierii lądowej i wodnej', 3);

insert into construction_groups(`id`, `name`, `division_id`) values
	(1, '-', 1),
	(2, '-', 2),
	(3, '-', 3),
	(4, 'Budynki mieszkalne jednorodzinne', 3),
	(5, 'Budynki o dwóch mieszkaniach i wielomieszkaniowe', 3),
	(6, 'Budynki zbiorowego zamieszkania', 3),
	(7, '-', 4),
	(8, 'Hotele i budynki zakwaterowania turystycznego ', 4),
	(9, 'Budynki biurowe', 4),
	(10, 'Budynki handlowo-usługowe', 4),
	(11, 'Budynki transportu i łączności ', 4),
	(12, 'Budynki przemysłowe i magazynowe', 4),
	(13, 'Ogólnodostępne obiekty kulturalne, budynki o charakterze edukacyjnym, budynki szpitali i zakładów opieki medycznej oraz budynki kultury fizycznej', 4),
	(14, 'Pozostałe budynki niemieszkalne', 4),
	(15, '-', 5),
	(16, '-', 6),
	(17, 'Autostrady, drogi ekspresowe, ulice i drogi pozostałe', 6),
	(18, 'Drogi szynowe, drogi kolei napowietrznych lub podwieszanych', 6),
	(19, 'Drogi lotniskowe', 6),
	(20, 'Mosty, wiadukty i estakady, tunele i przejścia nadziemne i podziemne', 6),
	(21, 'Budowle wodne', 6),
	(22, '-', 7),
	(23, 'Rurociągi i linie telekomunikacyjne oraz linieelektroenergetyczne przesyłowe', 7),
	(24, 'Rurociągi sieci rozdzielczej i linie kabloweRozdzielcze', 7),
	(25, '-', 8),
	(26, 'Kompleksowe budowle na terenach przemysłowych', 8),
	(27, '-', 9),
	(28, 'Budowle sportowe i rekreacyjne', 9),
	(29, 'Obiekty inżynierii lądowej i wodnej pozostałe, gdzie indziej nie sklasyfikowane', 9);

insert into construction_classes(`id`, `name`, `group_id`, `pkob`) values
	(1, '-', 1, 0),
	(2, '-', 2, 0),
	(3, '-', 3, 0),
	(4, '-', 4, 0),
	(5, 'Budynki mieszkalne jednorodzinne', 4, 1110),
	(6, '-', 5, 0),
	(7, 'Budynku o dwóch mieszkaniach', 5, 1121),
	(8, 'Budynki o trzech i więcej mieszkaniach', 5, 1122),
	(9, '-', 6, 0),
	(10, 'Budynki zbiorowego zamieszkania', 6, 1130),
	(11, '-', 7, 0),
	(12, '-', 8, 0),
	(13, 'Budynki hoteli', 8, 1211),
	(14, 'Budynki zakwaterowania turystycznego, pozostałe', 8, 1212),
	(15, '-', 9, 0),
	(16, 'Budynki biurowe', 9, 1220),
	(17, '-', 10, 0),
	(18, 'Budynki handlowo-usługowe', 10, 1230),
	(19, '-', 11, 0),
	(20, 'Budynki transportu i łączności ', 11, 1241),
	(21, 'budynki garaży', 11, 1242),
	(22, '-', 12, 0),
	(23, 'Budynki przemysłowe', 12, 1251),
	(24, 'Zbiorniki, silosy i budynki magazynowe', 12, 1252),
	(25, '-', 13, 0),
	(26, 'Ogólnodostępne obiekty kulturalne', 13, 1261),
	(27, 'Budynki muzeów i bibliotek', 13, 1262),
	(28, 'Budynki szkół i instytucja badawczych', 13, 1263),
	(29, 'Budynki szpitali i zakładów opieki medycznej', 13, 1264),
	(30, 'Budynki kultury fizycznej', 13, 1265),
	(31, '-', 14, 0),
	(32, 'Budynki gospodarstw rolnych', 14, 1271),
	(33, 'Budynki przeznaczone do sprawowania kultu religijnego i czynności religijnych', 14, 1272),
	(34, 'Obiekty budowlane wpisane do rejestru zabytków i objęte indywidualną ochroną konserwatorską oraz nieruchome, archeologiczne dobra kultury', 14, 1273),
	(35, 'Pozostałe budynki niemieszkalne', 14, 1274),
	(36, '-', 15, 0),
	(37, '-', 16, 0),
	(38, '-', 17, 0),
	(39, 'Autostrady i drogi ekspresowe', 17, 2111),
	(40, 'Ulice i drogi pozostałe', 17, 2112),
	(41, '-', 18, 0),
	(42, 'Drogi szynowe kolejowe', 18, 2121),
	(43, 'Drogi szynowe na obszarach miejskich, drogi kolei napowietrznych lub podwieszanych', 18, 2122),
	(44, '-', 19, 0),
	(45, 'Drogi lotniskowe', 19, 2130),
	(46, '-', 20, 0),
	(47, 'Mosty wiadukty i estakady', 20, 2141),
	(48, 'Tunele i przejścia podziemne', 20, 2142),
	(49, '-', 21, 0),
	(50, 'Porty, przystanie i kanały żeglowne', 21, 2151),
	(51, 'Zapory wodne', 21, 2152),
	(52, 'Budowle inżynierskie służące do nawadniania i kultywacji ziemi', 21, 2153),
	(53, '-', 22, 0),
	(54, '-', 23, 0),
	(55, 'Budowle inżynierskie służące do nawadniania i kultywacji ziemi', 23, 2211),
	(56, 'Rurociągi przesyłowe do transportu ropy naftowej i gazu', 23, 2211),
	(57, 'Rurociągi przesyłowe do transportu wody i ścieków', 23, 2212),
	(58, 'Linie telekomunikacyjne przesyłowe', 23, 2212),
	(59, 'Linie elektroenergetyczne przesyłowe', 23, 2214),
	(60, '-', 24, 0),
	(61, 'Rurociągi sieci rozdzielczej gazu', 24, 2221),
	(62, 'Rurociągi sieci wodociągowej rozdzielczej', 24, 2222),
	(63, 'Rurociągi sieci kanalizacyjnej rozdzielczej', 24, 2223),
	(64, 'Linie elektroenergetyczne i telekomunikacyjne Rozdzielcze', 24, 2224),
	(65, '-', 25, 0),
	(66, '-', 26, 0),
	(67, 'Budowle dla górnictwa i kopalnictwa', 26, 2301),
	(68, 'Elektrownie', 26, 2302),
	(69, 'Zakłady chemiczne', 26, 2303),
	(70, 'Zakłady przemysłu ciężkiego, gdzie indziej nie sklasyfikowane', 26, 2304),
	(71, '-', 27, 0),
	(72, '-', 28, 0),
	(73, 'Boiska i budowle sportowe', 28, 2411),
	(74, 'Budowle sportowe i rekreacyjne pozostałe', 28, 2412),
	(75, '-', 29, 0),
	(76, 'Obiekty inżynierii lądowej i wodnej pozostałe, gdzie indziej nie sklasyfikowane', 29, 2420);

insert into construction_specs(`id`, `name`, `class_id`, `zl_class`, `ob_cat`) values
	(1, '-', 1, '-', '-'),
	(2, '-', 2, '-', '-'),
	(3, '-', 3, '-', '-'),
	(4, '-', 4, '-', '-'),
	(5, '-', 5, '-', '-'),
	(6, 'pawilony', 5, 'ZL IV', 'I'),
	(7, 'wille', 5, 'ZL IV', 'I'),
	(8, 'domki wypoczynkowe', 5, 'ZL IV', 'I'),
	(9, 'leśniczówki', 5, 'ZL IV', 'I'),
	(10, 'domy mieszkalne w gospodarstwach rolnych', 5, 'ZL IV', 'I'),
	(11, 'rezydencje wiejskie', 5, 'ZL IV', 'I'),
	(12, 'domy letnie', 5, 'ZL IV', 'I'),
	(13, 'domy bliźniacze – własne wejście z poziomu gruntu', 5, 'ZL IV', 'I'),
	(14, 'domy szeregowe  – własne wejście z poziomu gruntu', 5, 'ZL IV', 'I'),
	(15, 'Budynki mieszkalne jednorodzinne', 5, 'ZL IV', 'I'),
	(16, '-', 6, '-', '-'),
	(17, '-', 7, '-', '-'),
	(18, 'budynki: Domy bliźniacze dwulokalowe', 7, 'ZL IV', 'I'),
	(19, 'budynki: Domy szergowe dwulokalowe', 7, 'ZL IV', 'I'),
	(20, 'budynki samodzielne', 7, 'ZL II', '-'),
	(21, '-', 8, '-', '-'),
	(22, 'budynki o trzech i więcej mieszkaniach', 8, 'ZL III', '-'),
	(23, '-', 9, '-', '-'),
	(24, '-', 10, '-', '-'),
	(25, 'domy mieszkalne dla ludzi starszych', 10, 'ZL II', '-'),
	(26, 'domy studenckie', 10, 'ZL II', '-'),
	(27, 'domy dziecka', 10, 'ZL V', '-'),
	(28, 'domy innych grup społecznych', 10, 'ZL V', '-'),
	(29, 'DPS', 10, 'ZL V', '-'),
	(30, 'domy opieki społecznej', 10, 'ZL V', '-'),
	(31, 'budynki mieszkalne na terenie koszar', 10, 'ZL V', '-'),
	(32, 'budynki mieszkalne na terenie zakładów karnych', 10, 'ZL V', '-'),
	(33, 'budynki mieszkalne na terenie zakładów poprawczych', 10, 'ZL V', '-'),
	(34, 'budynki mieszkalne na terenie aresztów śledczych', 10, 'ZL V', '-'),
	(35, 'budynki rezydencji biskupich', 10, 'ZL V', 'IX'),
	(36, 'budynki rezydencji prezydenckich', 10, 'ZL V', '-'),
	(37, 'hotele robotnicze', 10, 'ZL V', '-'),
	(38, 'internaty', 10, 'ZL V', '-'),
	(39, 'bursy szkolne', 10, '-', '-'),
	(40, 'domy dla bezdomnych', 10, 'ZL V', '-'),
	(41, '-', 11, '-', '-'),
	(42, '-', 12, '-', '-'),
	(43, '-', 13, '-', '-'),
	(44, 'hotele', 13, 'ZL V', '-'),
	(45, 'gospody', 13, 'ZL V', '-'),
	(46, 'pensjonaty', 13, 'ZL V', '-'),
	(47, 'budynki oferujące zakwaterowanie', 13, 'ZL V', '-'),
	(48, ' motele', 13, 'ZL V', '-'),
	(49, 'samodzielne restaruracje i bary', 13, 'ZL V', '-'),
	(50, '-', 14, '-', '-'),
	(51, 'schroniska młodzieżowe', 14, 'ZL V', '-'),
	(52, 'schroniska górskie', 14, 'ZL V', '-'),
	(53, 'domki kempingowe', 14, 'ZL V', '-'),
	(54, 'domy wypoczynkowe', 14, 'ZL III', '-'),
	(55, 'budynki zakwaterowania turystycznego', 14, 'ZL III', '-'),
	(56, '-', 15, '-', '-'),
	(57, '-', 16, '-', '-'),
	(58, 'banki', 16, 'ZL III', '-'),
	(59, 'urzędy pocztowe', 16, 'ZL III', '-'),
	(60, 'urząd miejski', 16, 'PM', '-'),
	(61, 'urząd gminy', 16, 'PM', '-'),
	(62, 'budynki miejsc pracy', 16, 'PM', '-'),
	(63, 'budynki admistracyjne', 16, 'PM', '-'),
	(64, 'centra konferencyjne', 16, 'PM', '-'),
	(65, 'budynki sądów', 16, 'PM', '-'),
	(66, '-', 17, '-', '-'),
	(67, '-', 18, '-', '-'),
	(68, 'Centra handlowe', 18, 'PM', '-'),
	(69, 'domy towarowe', 18, 'PM', '-'),
	(70, 'samodzielne sklepy', 18, 'PM', '-'),
	(71, 'butiki', 18, 'PM', '-'),
	(72, 'hale targowe', 18, 'PM', '-'),
	(73, 'hale wystawowe', 18, 'PM', '-'),
	(74, 'hale aukcyjne', 18, 'PM', '-'),
	(75, 'targowiska pod dachem', 18, '-', 'XI'),
	(76, 'stacje paliw', 18, '-', 'XII'),
	(77, 'stacje obsługi', 18, '-', 'I'),
	(78, 'apteki', 18, '-', 'II'),
	(79, '-', 19, '-', '-'),
	(80, '-', 20, '-', '-'),
	(81, 'budynki lotnisk', 20, '-', 'III'),
	(82, 'budynki dworców kolejowych ', 20, '-', 'IV'),
	(83, 'budynki dwórców autobusowych ', 20, '-', 'V'),
	(84, 'budynki terminali portowych', 20, '-', 'VI'),
	(85, 'budynki stacji kolejek górskich', 20, '-', 'VII'),
	(86, 'budynki stacji nadawczych radia i telewizji', 20, '-', 'VIII'),
	(87, 'budynki central telefonicznych ', 20, '-', 'IX'),
	(88, 'budynki central telekomunikacyjnych', 20, '-', 'X'),
	(89, 'hangary lotnicze', 20, '-', 'XI'),
	(90, 'budynki nastawni kolejowych', 20, '-', 'XII'),
	(91, 'zajezdnie dla lokomotyw i wagonów', 20, '-', 'I'),
	(92, 'budynki telefoniczne', 20, '-', 'II'),
	(93, 'budynki latarni morskich', 20, '-', 'III'),
	(94, 'budynki kontroli ruchu powietrznego', 20, '-', 'IV'),
	(95, '-', 21, '-', '-'),
	(96, 'garaże', 21, '-', 'V'),
	(97, 'zadaszone parkingi', 21, '-', 'VI'),
	(98, 'budynki do przechowywania rowerów', 21, '-', 'VII'),
	(99, '-', 22, '-', '-'),
	(100, '-', 23, '-', '-'),
	(101, 'Budynki produkcyjne', 23, 'PM', '-'),
	(102, 'Fabryki', 23, 'PM', '-'),
	(103, 'wytwórnie filmowe', 23, 'PM', '-'),
	(104, 'rzeźnie', 23, 'PM', '-'),
	(105, 'browary', 23, 'PM', '-'),
	(106, 'montownie', 23, 'PM', '-'),
	(107, '-', 24, '-', '-'),
	(108, 'Zbiorniki na ciecze', 24, 'PM', '-'),
	(109, 'Zbiorniki na gazy', 24, 'PM', '-'),
	(110, 'Zbiorniki na cement', 24, 'PM', '-'),
	(111, 'Zbiorniki na towary sypkie', 24, 'PM', '-'),
	(112, 'Powierzchnie magazynowe', 24, 'PM', '-'),
	(113, 'Chłodnie', 24, 'PM', '-'),
	(114, 'Budynki składowe specjalizowane', 24, 'PM', '-'),
	(115, '-', 25, '-', '-'),
	(116, '-', 26, '-', '-'),
	(117, 'Kina ', 26, 'ZL I', 'IX'),
	(118, 'sale koncertowe', 26, 'ZL I', 'IX'),
	(119, 'opery', 26, 'ZL I', 'IX'),
	(120, 'domy kultury', 26, 'ZL I', 'IX'),
	(121, 'teatry', 26, 'ZL I', 'IX'),
	(122, 'sale wykorzystywane do celów rozrywkowych', 26, 'ZL I', 'IX'),
	(123, 'kasyna', 26, 'ZL I', '-'),
	(124, 'cyrki', 26, 'ZL I', '-'),
	(125, 'teatry muzyczne', 26, 'ZL I', 'IX'),
	(126, 'sale taneczne', 26, 'ZL I', 'IX'),
	(127, 'dyskoteki', 26, 'ZL I', '-'),
	(128, 'budynki schronisk dla zweirząt', 26, 'ZL I', '-'),
	(129, 'budynki ogrdów zoologicznych', 26, 'ZL I', 'IX'),
	(130, 'budynki ogrdów botanicznych', 26, 'ZL I', 'IX'),
	(131, 'estrady', 26, 'ZL I', 'IX'),
	(132, '-', 27, '-', '-'),
	(133, 'Muzea', 27, 'ZL I', 'IX'),
	(134, 'galerie sztuki', 27, 'ZL I', 'IX'),
	(135, 'Biblioteki', 27, 'ZL I', 'IX'),
	(136, 'centra informacyjne', 27, 'ZL I', '-'),
	(137, 'budynki Archiwum', 27, 'ZL I', 'IX'),
	(138, '-', 28, '-', '-'),
	(139, 'przedszkola', 28, 'ZL II', 'IX'),
	(140, 'szkoły', 28, 'ZL III', 'IX'),
	(141, 'placówki skół wyższych', 28, 'ZL III', 'IX'),
	(142, 'żłobki', 28, 'ZL II', 'IX'),
	(143, 'szkoły podstawowe', 28, 'ZL III', 'IX'),
	(144, 'szkoły zawodowe', 28, 'ZL III', 'IX'),
	(145, 'Specjalne szkoły dla osób niepełnosprawnych', 28, 'ZL II', '-'),
	(146, 'stacje meteorologiczne ', 28, 'ZL III', '-'),
	(147, 'stacje hydrologiczne', 28, 'ZL III', '-'),
	(148, 'budynki obserwatoriów', 28, 'ZL III', '-'),
	(149, 'gimnazja', 28, 'ZL III', '-'),
	(150, 'labolatoria badawcze', 28, 'ZL III', '-'),
	(151, 'placówki badawcze', 28, 'ZL III', '-'),
	(152, 'ośrodki kształcenia ustawicznego', 28, 'ZL III', '-'),
	(153, '-', 29, '-', '-'),
	(154, 'Budynki instytucji świadczących usługi medyczne i chirurgiczneoraz pielęgnacyjne dla ludzi', 29, 'ZL III', '-'),
	(155, 'Sanatoria', 29, 'ZL II', '-'),
	(156, 'szpitale długoterminowego lecznictwa', 29, 'ZL II', '-'),
	(157, 'szpitalePsychiatryczne', 29, 'ZL II', '-'),
	(158, 'przychodnie', 29, 'ZL II', '-'),
	(159, 'poradnie', 29, 'ZL II', '-'),
	(160, 'Żłobki', 29, 'ZL II', '-'),
	(161, 'ośrodki pomocyspołecznej dla matki i dziecka', 29, 'ZL II', '-'),
	(162, 'Szpitale kliniczne', 29, 'ZL II', '-'),
	(163, 'Szpitale więzienne i wojskowe', 29, 'ZL II', '-'),
	(164, 'Budynki przeznaczone do termoterapii', 29, 'ZL II', '-'),
	(165, 'Budynki przeznaczone do wodolecznictwa', 29, 'ZL II', '-'),
	(166, 'Budynki przeznaczone do rehabilitacji', 29, 'ZL II', '-'),
	(167, 'laktaria', 29, 'ZL II', '-'),
	(168, 'Kliniki Weterynaryjne', 29, 'ZL III', '-'),
	(169, 'stacje krwiodawstwa', 29, 'ZL II', '-'),
	(170, 'Budynki instytucji ochrony zdrowia świadczące usługizakwaterowania, z opieką lekarską i pielęgniarską dla ludzi starszych, niepełnosprawnych', 29, 'ZL II', '-'),
	(171, '-', 30, '-', '-'),
	(172, 'Budynki przeznaczone dla imprez sportowych w halach', 30, 'ZL I', '-'),
	(173, 'Zadaszone trybuny do oglądania sportów na świeżym powietrzu', 30, 'ZL I', '-'),
	(174, '-', 31, '-', '-'),
	(175, '-', 32, '-', '-'),
	(176, 'Budynki gospodarstw rolnych i budynki magazynowe dladziałalności rolniczej', 32, 'IN', '-'),
	(177, 'silosy rolnicze', 32, 'PM', '-'),
	(178, 'szklarnie', 32, 'IN', '-'),
	(179, 'kadzie na wino', 32, 'IN', '-'),
	(180, 'piwnice do przechowywaniaWina', 32, 'IN', '-'),
	(181, 'spiżarnie', 32, 'IN', '-'),
	(182, 'szopy rolnicze', 32, 'IN', '-'),
	(183, '-', 33, '-', '-'),
	(184, 'krematoria', 33, 'ZL III', 'X'),
	(185, 'domy pogrzebowe', 33, 'ZL III', 'X'),
	(186, 'Cmentarze i obiekty z nimi związane', 33, 'ZL V', 'VI'),
	(187, 'synagogi', 33, 'ZL I', 'X'),
	(188, 'meczety', 33, 'ZL I', 'X'),
	(189, 'cerkwie', 33, 'ZL I', 'X'),
	(190, 'kaplice', 33, 'ZL I', 'X'),
	(191, 'Kościoły', 33, 'ZL I', 'X'),
	(192, '-', 34, '-', '-'),
	(193, 'Wszelkie obiekty budowlane bez względu na stan zachowania,ale nie wykorzystywane do innych celów', 34, '-', '-'),
	(194, '-', 35, '-', '-'),
	(195, 'gdzie indziej nie wymienione', 35, '-', '-'),
	(196, 'łaźnie', 35, 'ZL I', '-'),
	(197, 'toalety publiczne', 35, 'ZL I', '-'),
	(198, 'Wiaty Autobusowe', 35, 'PM', '-'),
	(199, 'Obiekty miejskie użyteczności publicznej', 35, 'ZL III', '-'),
	(200, '-', 36, '-', '-'),
	(201, '-', 37, '-', '-'),
	(202, '-', 38, '-', '-'),
	(203, '-', 39, '-', '-'),
	(204, 'Autostrady i drogi ekspresowe międzymiastowe, w tym skrzyżowania i węzły wraz z infrastrukturą', 39, 'PM', 'IV'),
	(205, '-', 40, '-', '-'),
	(206, 'Drogi na obszarach miejskich i zamiejskich wraz z infrastrukturą', 40, 'PM', '-'),
	(207, '-', 41, '-', '-'),
	(208, '-', 42, '-', '-'),
	(209, 'stacje rozrządowe,', 42, 'PM', '-'),
	(210, 'stacje postojowe', 42, 'ZL I', '-'),
	(211, 'stacje', 42, 'ZL I', '-'),
	(212, 'Budowle i urządzenia przeznaczone do prowadzenia ruchu kolejowego', 42, 'PM', '-'),
	(213, 'Urządzenia i instalacje do sterowania ruchem kolejowym', 42, 'PM', '-'),
	(214, '-', 43, '-', '-'),
	(215, 'Drogi szynowe na obszarach miejskich', 43, 'PM', '-'),
	(216, 'metro', 43, 'ZL I', '-'),
	(217, 'sieć miejska (linie tramwajowe)', 43, '-', '-'),
	(218, 'Drogi kolei napowietrznych lub podwieszanych', 43, '-', '-'),
	(219, 'Budowle i urządzenia przeznaczone do prowadzenia ruchu', 43, '-', '-'),
	(220, 'Urządzenia i instalacje do sterowania ruchem', 43, '-', '-'),
	(221, '-', 44, '-', '-'),
	(222, '-', 45, '-', '-'),
	(223, 'Pasy startowe', 45, '-', 'XXVI'),
	(224, 'systemy oświetlenia nawigacyjnego oraz systemy awaryjnego zasilania', 45, '-', '-'),
	(225, 'instalacje sygnalizacji świetlnej', 45, '-', '-'),
	(226, 'rowy odwadniające', 45, '-', '-'),
	(227, 'Nasypy', 45, '-', '-'),
	(228, 'Place postoju samolotów', 45, 'PM', 'XXVI'),
	(229, 'Miejsca startu śmigłowców', 45, 'PM', 'XXVI'),
	(230, '-', 46, '-', '-'),
	(231, '-', 47, '-', '-'),
	(232, 'mostki', 47, '-', 'XXVIII'),
	(233, 'kładki', 47, '-', 'XXVIII'),
	(234, 'mosty dla pieszych', 47, '-', 'XXVIII'),
	(235, 'mosty na drogach wiejskich i leśnych', 47, '-', 'XXVIII'),
	(236, 'wiadukty', 47, '-', 'XXVIII'),
	(237, 'mosty ruchome', 47, '-', 'XXVIII'),
	(238, 'estakady', 47, '-', 'XXVIII'),
	(239, 'Mosty drogowe i kolejowe', 47, '-', 'XXVIII'),
	(240, 'Mosty', 47, '-', 'XXVIII'),
	(241, '-', 48, '-', '-'),
	(242, 'Budowle podziemne przeznaczone do ruchu drogowego, I kolejowego i pieszego wraz z infra. Tow', 48, '-', '-'),
	(243, '-', 49, '-', '-'),
	(244, '-', 50, '-', '-'),
	(245, 'Stocznie', 50, '-', '-'),
	(246, 'Porty wojskowe', 50, '-', '-'),
	(247, 'uregulowane brzegi rzek i dróg wodnych', 50, '-', '-'),
	(248, 'nabrzeża', 50, '-', '-'),
	(249, 'kanałowe', 50, '-', '-'),
	(250, 'tunele kanałowe', 50, '-', '-'),
	(251, 'mosty', 50, '-', '-'),
	(252, 'śluzy', 50, '-', '-'),
	(253, 'Budowle rzeczne i na jeziorach', 50, '-', '-'),
	(254, 'Kanały żeglowne', 50, '-', '-'),
	(255, 'pomosty', 50, '-', '-'),
	(256, 'tamy (groble) portowe', 50, '-', '-'),
	(257, 'mola', 50, '-', '-'),
	(258, 'falochrony', 50, '-', '-'),
	(259, 'baseny portowe', 50, '-', '-'),
	(260, 'doki', 50, '-', '-'),
	(261, 'Budowle portowe', 50, '-', '-'),
	(262, 'Porty', 50, '-', '-'),
	(263, 'przystanie i kanały żeglowne', 50, '-', '-'),
	(264, 'Budowle wodne', 50, '-', '-'),
	(265, '-', 51, '-', '-'),
	(266, 'Zapory wodne i podobne budowle do zatrzymywania wody dla wszelkich celów', 51, '-', 'XXVII'),
	(267, 'jazy', 51, '-', 'XXVII'),
	(268, 'tamy', 51, '-', 'XXVII'),
	(269, 'Groble', 51, '-', 'XXVII'),
	(270, '-', 52, '-', '-'),
	(271, 'Budowle służące drenażowi i otwarte rowy drenażowe', 52, '-', '-'),
	(272, 'Akwedukty', 52, '-', '-'),
	(273, 'Kanały irygacyjne i inne budowle związane z dostarczaniem wody dla celów kultywacji ziemi', 52, '-', '-'),
	(274, '-', 53, '-', '-'),
	(275, '-', 54, '-', '-'),
	(276, '-', 55, '-', '-'),
	(277, 'Rurociągi przesyłowe naziemne, podziemne lub podwodne do transportu produktów naftowych i gazu', 55, '-', 'XXVI'),
	(278, '-', 56, '-', '-'),
	(279, 'Rurociągi przesyłowe naziemne, podziemne lub podwodne do transportu produktów chemicznych i innych produktów', 56, '-', 'XXVI'),
	(280, 'Stacje pomp', 56, '-', '-'),
	(281, '-', 57, '-', '-'),
	(282, 'Stacje filtrów lub ujęć wody', 57, '-', '-'),
	(283, 'Stacje pomp', 57, '-', '-'),
	(284, 'Rurociągi przesyłowe naziemne, podziemne i podwodne do transportu wody i ścieków', 57, '-', '-'),
	(285, '-', 58, '-', '-'),
	(286, 'infrastruktura radiokomunikacyjna', 58, '-', '-'),
	(287, 'Maszty, wieże i słupy telekomunikacyjne', 58, '-', '-'),
	(288, 'radary', 58, '-', '-'),
	(289, 'stacje przekaźnikowe', 58, '-', '-'),
	(290, 'sieci radiowe', 58, '-', 'XXVI'),
	(291, 'Sieci telewizyjne lub kablowe', 58, '-', 'XXVI'),
	(292, 'Linie telekomunikacyjne', 58, '-', 'XXVI'),
	(293, 'Linie telekomunikacyjne przesyłowe', 58, '-', 'XXVI'),
	(294, '-', 59, '-', '-'),
	(295, 'Słupowe stacje transformatorowe (bez transformatorów) i rozdzielcze', 59, '-', '-'),
	(296, 'Linie elektroenergetyczne przesyłowe nadziemne lub podziemne', 59, '-', '-'),
	(297, '-', 60, '-', '-'),
	(298, '-', 61, '-', '-'),
	(299, 'Rurociągi sieci rozdzielczej gazu naziemne i podziemne', 61, '-', '-'),
	(300, '-', 62, '-', '-'),
	(301, 'Studnie', 62, '-', '-'),
	(302, 'Rurociągi sieci rozdzielczej gorącej wody, pary i sprężonego powietrza', 62, '-', '-'),
	(303, 'fontanny', 62, '-', '-'),
	(304, 'wieże ciśnień', 62, '-', '-'),
	(305, 'hydranty', 62, '-', '-'),
	(306, 'Rurociągi sieci rozdzielczej wody', 62, '-', '-'),
	(307, 'Rurociągi sieci kanalizacyjnej rozdzielczej i kolektory', 62, '-', '-'),
	(308, '-', 63, '-', '-'),
	(309, 'Oczyszczalnie wód i ścieków', 63, '-', 'XXX'),
	(310, '-', 64, '-', '-'),
	(311, 'Linie elektroenergetyczne i telekomunikacyjne rozdzielcze', 64, '-', '-'),
	(312, 'Lokalne sieci telewizji kablowej i związane z nią anteny Zbiorcze', 64, '-', '-'),
	(313, '-', 65, '-', '-'),
	(314, '-', 66, '-', '-'),
	(315, '-', 67, '-', '-'),
	(316, 'Budowle dla górnictwa i kopalnictwa', 67, '-', '-'),
	(317, 'Budowle eksploatacji złóż węglowodorów', 67, '-', '-'),
	(318, 'budowle żwirowni', 67, '-', '-'),
	(319, 'budowle eksploatacji kamieniołomów', 67, '-', '-'),
	(320, 'Budowle wytwórni gipsu', 67, '-', '-'),
	(321, 'budowle cementowni', 67, '-', '-'),
	(322, 'Budowle cegielni', 67, '-', '-'),
	(323, 'Budowle wytwórnimateriałów budowlanych ceramicznych', 67, '-', '-'),
	(324, '-', 68, '-', '-'),
	(325, 'Elektrownie wodne lub cieplne wytwarzające energie Elektryczną', 68, '-', '-'),
	(326, 'elektrownie napędzane wiatrem', 68, '-', '-'),
	(327, 'Spalarnie odpadów', 68, '-', '-'),
	(328, 'Budowle zakładów do przetwarzania paliwa nuklearnego', 68, '-', '-'),
	(329, '-', 69, '-', '-'),
	(330, 'Budowle, będące częścią zakładów chemicznych', 69, '-', '-'),
	(331, 'Budowle pertochemii', 69, '-', '-'),
	(332, 'Budowle rafinerii', 69, '-', '-'),
	(333, 'Urządzenia końcowe dla węglowodorów', 69, '-', '-'),
	(334, 'Koksownie ', 69, '-', '-'),
	(335, 'gazownie', 69, '-', '-'),
	(336, '-', 70, '-', '-'),
	(337, 'Budowle będące częścią terenów zakładów przemysłu ciężkiego', 70, '-', '-'),
	(338, 'wielkie piece', 70, '-', '-'),
	(339, 'odlewnie', 70, '-', '-'),
	(340, 'walcownie', 70, '-', '-'),
	(341, '-', 71, '-', '-'),
	(342, '-', 72, '-', '-'),
	(343, '-', 73, '-', '-'),
	(344, 'Zagospodarowane tereny sportowe przeznaczone do uprawiania sportów na świeżym powietrzu', 73, '-', '-'),
	(345, '-', 74, '-', '-'),
	(346, 'wyciągi krzesełkowe i kabinowe', 74, '-', '-'),
	(347, 'Wyciągi orczykowe', 74, '-', '-'),
	(348, 'trasy i szlaki narciarskie', 74, '-', '-'),
	(349, 'Wesołe miasteczka lub parki wypoczynkowe oraz inne obiekty na wolnym powietrzu', 74, '-', '-'),
	(350, 'wyposażenie plaż i bazy sportów wodnych', 74, '-', '-'),
	(351, 'przystanie jachtowe', 74, '-', '-'),
	(352, 'ośrodki jazdy konnej', 74, '-', '-'),
	(353, 'lotniska sportowe', 74, '-', '-'),
	(354, 'pola golfowe', 74, '-', '-'),
	(355, 'tory saneczkowe', 74, '-', 'V'),
	(356, 'tory bobslejowe', 74, '-', 'V'),
	(357, 'Skocznie', 74, '-', 'V'),
	(358, 'Schroniska dla zwierząt', 74, '-', '-'),
	(359, 'ogrody botaniczne i zoologiczne', 74, '-', '-'),
	(360, 'skwery', 74, '-', '-'),
	(361, 'Ogrody i parki publiczne', 74, '-', '-'),
	(362, '-', 75, '-', '-'),
	(363, '-', 76, '-', '-'),
	(364, 'wojskowe centra doświadczalne', 76, '-', '-'),
	(365, 'strzelnice (poligony)', 76, '-', '-'),
	(366, 'bunkry', 76, '-', '-'),
	(367, 'blokhauzy', 76, '-', '-'),
	(368, 'forty', 76, '-', '-'),
	(369, 'Obiekty inżynierii wojskowej', 76, '-', '-'),
	(370, 'Wysypiska śmieci i miejsca składowania odpadów', 76, '-', '-'),
	(371, 'Porzucone obiekty byłych terenów przemysłowych lub miejskich', 76, '-', '-');


------------------------------------
--
-- Geodesy
--
------------------------------------


insert into communes(`id`, `name`) values
	(1, '-'),
	(2, 'm. Debrzno'),
	(3, 'Debrzno'),
	(4, 'm. Czarne'),
	(5, 'Czarne'),
	(6, 'Przechlewo'),
	(7, 'Koczała'),
	(8, 'Rzeczenica'),
	(9, 'm. Człuchów'),
	(10, 'Człuchów');

insert into places(`id`, `name`, `commune_id`, `area_place_id`, `cad_unit`) values
	(1, '-', 1, 1, '-'),
	(2, '-', 2, 2, '-'),
	(3, 'm. Debrzno', 2, -999, '220304_4.0001'),
	(4, '-', 3, 4, '-'),
	(5, 'Boboszewo', 3, 18, '220304_5.0005'),
	(6, 'Bolesławowo', 3, 14, '220304_5.0004'),
	(7, 'Buchowo', 3, 33, '220304_5.0011'),
	(8, 'Buka', 3, 8, '220304_5.0001'),
	(9, 'Buszkowo', 3, 10, '220304_5.0002'),
	(10, 'Cierznie', 3, 10, '220304_5.0002'),
	(11, 'Drozdowo', 3, 11, '220304_5.0003'),
	(12, 'Główna', 3, 26, '220304_5.0008'),
	(13, 'Gniewno', 3, 14, '220304_5.0004'),
	(14, 'Grzymisław', 3, 14, '220304_5.0004'),
	(15, 'Jeleniec', 3, 14, '220304_5.0004'),
	(16, 'Kamień', 3, 14, '220304_5.0004'),
	(17, 'Kostrzyca', 3, 14, '220304_5.0004'),
	(18, 'Myśligoszcz', 3, 18, '220304_5.0005'),
	(19, 'Nierybie', 3, 10, '220304_5.0002'),
	(20, 'Nowe Gronowo', 3, 20, '220304_5.0006'),
	(21, 'Ostrza', 3, 24, '220304_5.0007'),
	(22, 'Pędziszewo', 3, 26, '220304_5.0008'),
	(23, 'Pokrzywy', 3, 35, '220304_5.0012'),
	(24, 'Prusinowo', 3, 24, '220304_5.0007'),
	(25, 'Przypólsko', 3, 14, '220304_5.0004'),
	(26, 'Rozwory', 3, 26, '220304_5.0008'),
	(27, 'Skowarnki', 3, 35, '220304_5.0012'),
	(28, 'Słupia', 3, 28, '220304_5.0009'),
	(29, 'Służewo', 3, 18, '220304_5.0005'),
	(30, 'Smug', 3, 14, '220304_5.0004'),
	(31, 'Stanisławka', 3, 14, '220304_5.0004'),
	(32, 'Stare Gronowo', 3, 32, '220304_5.0010'),
	(33, 'Strzeczona', 3, 33, '220304_5.0011'),
	(34, 'Strzeszyn', 3, 14, '220304_5.0004'),
	(35, 'Uniechów', 3, 35, '220304_5.0012'),
	(36, 'Uniechówek', 3, 35, '220304_5.0012'),
	(37, '-', 4, 37, '-'),
	(38, 'm. Czarne', 4, -999, '220302_4.0002'),
	(39, 'm. Czarne – 49', 4, -999, '220302_4.0001'),
	(40, '-', 5, 40, '-'),
	(41, 'Biernatka', 5, 41, '220302_5.0001'),
	(42, 'Bińcze', 5, 42, '220302_5.0002'),
	(43, 'Domisław', 5, 43, '220302_5.0003'),
	(44, 'Domyśl', 5, 57, '220302_5.0009'),
	(45, 'Grabowiec', 5, 53, '220302_5.0006'),
	(46, 'Janowice', 5, 53, '220302_5.0006'),
	(47, 'Kijno', 5, 57, '220302_5.0009'),
	(48, 'Krzemieniewo', 5, 48, '220302_5.0004'),
	(49, 'Lestnica', 5, 48, '220302_5.0004'),
	(50, 'Lędyczek Drugi', 5, 48, '220302_5.0004'),
	(51, 'Łoża', 5, 51, '220302_5.0005'),
	(52, 'Malinowo', 5, 48, '220302_5.0004'),
	(53, 'Nadziejewo', 5, 53, '220302_5.0006'),
	(54, 'Prądy', 5, 48, '220302_5.0004'),
	(55, 'Raciniewo', 5, 55, '220302_5.0007'),
	(56, 'Sierpowo', 5, 56, '220302_5.0008'),
	(57, 'Sokole', 5, 57, '220302_5.0009'),
	(58, 'Wierzbnik', 5, 53, '220302_5.0006'),
	(59, 'Wronkowo', 5, 53, '220302_5.0006'),
	(60, 'Wyczechy', 5, 60, '220302_5.0010'),
	(61, 'Wygonki', 5, 42, '220302_5.0002'),
	(62, '-', 6, 62, '-'),
	(63, 'Czosnowo', 6, 86, '220306_2.0012'),
	(64, 'Dąbrowa Człuchowska', 6, -999, '220306_2.0001'),
	(65, 'Dobryń', 6, 73, '220306_2.0003'),
	(66, 'Dolinka', 6, 73, '220306_2.0003'),
	(67, 'Garbek', 6, 67, '220306_2.0002'),
	(68, 'Jerzębnik', 6, 77, '220306_2.0005'),
	(69, 'Kleśnik', 6, 80, '220306_2.0007'),
	(70, 'Koprzywnica', 6, 79, '220306_2.0006'),
	(71, 'Krasne', 6, 77, '220306_2.0005'),
	(72, 'Lipczynek', 6, 82, '220306_2.0009'),
	(73, 'Lisewo', 6, 73, '220306_2.0003'),
	(74, 'Łubianka', 6, 74, '220306_2.0004'),
	(75, 'Miroszewo', 6, 77, '220306_2.0005'),
	(76, 'Nowa Brda', 6, 82, '220306_2.0009'),
	(77, 'Nowa Wieś', 6, 77, '220306_2.0005'),
	(78, 'Nowiny', 6, 80, '220306_2.0007'),
	(79, 'Pakotulsko', 6, 79, '220306_2.0006'),
	(80, 'Pawłówko', 6, 80, '220306_2.0007'),
	(81, 'Płaszczyca', 6, 81, '220306_2.0008'),
	(82, 'Przechlewko', 6, 82, '220306_2.0009'),
	(83, 'Przechlewko – leśn.', 6, 82, '220306_2.0009'),
	(84, 'm. Przechlewo', 6, -999, '220306_2.0010'),
	(85, 'Rudniiki', 6, 85, '220306_2.0011'),
	(86, 'Sąpolno', 6, 86, '220306_2.0012'),
	(87, 'Suszka', 6, 79, '220306_2.0006'),
	(88, 'Szczytno', 6, 73, '220306_2.0003'),
	(89, 'Szyszka', 6, 73, '220306_2.0003'),
	(90, 'Trzęsacz', 6, 79, '220306_2.0006'),
	(91, 'Wandzin', 6, 80, '220306_2.0007'),
	(92, 'Wiśnica', 6, 79, '220306_2.0006'),
	(93, 'Zawada', 6, 73, '220306_2.0003'),
	(94, 'Zdrójki', 6, 86, '220306_2.0012'),
	(95, 'Żółna', 6, 82, '220306_2.0009'),
	(96, '-', 7, 96, '-'),
	(97, 'Adamki', 7, 110, '220305_2.0004'),
	(98, 'Bielsko', 7, 98, '220305_2.0001'),
	(99, 'Bryle', 7, 98, '220305_2.0001'),
	(100, 'Ciemino', 7, 110, '220305_2.0004'),
	(101, 'Dymin', 7, 110, '220305_2.0004'),
	(102, 'Działek', 7, 123, '220305_2.0007'),
	(103, 'Dźwierzno', 7, 106, '220305_2.0003'),
	(104, 'Kałka', 7, 123, '220305_2.0007'),
	(105, 'm. Koczała', 7, -999, '220305_2.0002'),
	(106, 'Łękinia', 7, 106, '220305_2.0003'),
	(107, 'Niedzwiady', 7, 98, '220305_2.0001'),
	(108, 'Niesiłowo', 7, 120, '220305_2.0006'),
	(109, 'Ostrówek', 7, 117, '220305_2.0005'),
	(110, 'Pietrzykowo', 7, 110, '220305_2.0004'),
	(111, 'Pietrzykówka', 7, 110, '220305_2.0004'),
	(112, 'Płonicz', 7, -999, '220305_2.0002'),
	(113, 'Podlesie', 7, -999, '220305_2.0002'),
	(114, 'Potoki', 7, 98, '220305_2.0001'),
	(115, 'Stara Brda', 7, 120, '220305_2.0006'),
	(116, 'Stara Brda Pilska', 7, 120, '220305_2.0006'),
	(117, 'Starzno', 7, 117, '220305_2.0005'),
	(118, 'Strużka', 7, 98, '220305_2.0001'),
	(119, 'Świerkówko', 7, 98, '220305_2.0001'),
	(120, 'Trzyniec', 7, 120, '220305_2.0006'),
	(121, 'Wilkowo', 7, 120, '220305_2.0006'),
	(122, 'Zagaje', 7, 110, '220305_2.0004'),
	(123, 'Załęże', 7, 123, '220305_2.0007'),
	(124, 'Zapadłe', 7, 120, '220305_2.0006'),
	(125, 'Żukowo', 7, 98, '220305_2.0001'),
	(126, '-', 8, 126, '-'),
	(127, 'Bagnica', 8, -999, '220307_2.0008'),
	(128, 'Breńsk ', 8, 132, '220307_2.0002'),
	(129, 'Brzezie', 8, 129, '220307_2.0001'),
	(130, 'Cierniki ', 8, 144, '220307_2.0005'),
	(131, 'Działek', 8, -999, '-'),
	(132, 'Dzików', 8, 132, '220307_2.0002'),
	(133, 'Garsk', 8, 146, '220307_2.0006'),
	(134, 'Gockowo', 8, 154, '220307_2.0010'),
	(135, 'Gockówko', 8, 132, '220307_2.0002'),
	(136, 'Grodzisko', 8, 136, '220307_2.0003'),
	(137, 'Gwieździn', 8, 137, '220307_2.0004'),
	(138, 'Iwie', 8, -999, '-'),
	(139, 'Jeziernik', 8, 129, '220307_2.0001'),
	(140, 'Knieja', 8, -999, '-'),
	(141, 'Kowale', 8, -999, '-'),
	(142, 'Lestnica', 8, -999, '220307_2.0008'),
	(143, 'Łuszczyn', 8, 132, '220307_2.0002'),
	(144, 'Międzybórz', 8, 144, '220307_2.0005'),
	(145, 'Mulnica', 8, -999, 'nan'),
	(146, 'Olszanowo', 8, 146, '220307_2.0006'),
	(147, 'Pieniężnica', 8, 147, '220307_2.0007'),
	(148, 'Przeręba', 8, 132, '220307_2.0002'),
	(149, 'Przyrzecze', 8, 132, '220307_2.0002'),
	(150, 'm. Rzeczenica', 8, -999, '220307_2.0008'),
	(151, 'Sporysz', 8, 144, '220307_2.0005'),
	(152, 'Trzmielewo', 8, 152, '220307_2.0009'),
	(153, 'Zadębie', 8, 132, '220307_2.0002'),
	(154, 'Zalesie', 8, 154, '220307_2.0010'),
	(155, 'Zbysławiec', 8, 137, '220307_2.0004'),
	(156, '-', 9, 156, '-'),
	(157, 'm. Człuchów', 9, -999, '220301_1.0002'),
	(158, 'm. Człuchów – 27', 9, -999, '220301_1.0001'),
	(159, '-', 10, 159, '-'),
	(160, 'Barkowo', 10, -999, 'Barkowo'),
	(161, 'Biskupnica', 10, -999, 'Biskupnica'),
	(162, 'Brzeźno', 10, -999, 'Brzeźno'),
	(163, 'Bukowo', 10, -999, 'Bukowo'),
	(164, 'Bukowo Człuchowskie', 10, -999, 'Bukowo'),
	(165, 'Chrząstowo', 10, -999, 'Chrząstowo'),
	(166, 'Chrząstówko', 10, -999, 'Chrząstowo'),
	(167, 'Czarnoszki', 10, -999, 'Kiełpin'),
	(168, 'Czarnoszyce', 10, -999, 'Czarnoszyce'),
	(169, 'Czarze', 10, -999, 'Polnica'),
	(170, 'Dąbki', 10, -999, 'Kołdowo'),
	(171, 'Dębnica', 10, -999, 'Dębnica'),
	(172, 'Dobojewo', 10, -999, 'Stołczno'),
	(173, 'Gębarzewo', 10, -999, 'Biskupnica'),
	(174, 'Ględowo', 10, -999, 'Ględowo'),
	(175, 'Gostudz', 10, -999, 'Polnica'),
	(176, 'Gozdnica', 10, -999, 'Sieroczyn'),
	(177, 'Grzybowo', 10, -999, 'Polnica'),
	(178, 'Jaromierz', 10, -999, 'Jaromierz'),
	(179, 'Jeziorno', 10, -999, 'Polnica'),
	(180, 'Jęczniki Małe', 10, -999, 'Jęczniki Wielkie'),
	(181, 'Jęczniki Wielkie', 10, -999, 'Jęczniki Wielkie'),
	(182, 'Kątki', 10, -999, 'Polnica'),
	(183, 'Kiełpin', 10, -999, 'Kiełpin'),
	(184, 'Kiełpinek', 10, -999, 'Kiełpin'),
	(185, 'Kołdowo', 10, -999, 'Kołdowo'),
	(186, 'Krery', 10, -999, 'Kiełpin'),
	(187, 'Krępsk', 10, -999, 'Krępsk'),
	(188, 'Krzyżanki', 10, -999, 'Rychnowy'),
	(189, 'Kujanki', 10, -999, 'Krępsk'),
	(190, 'Mąkowo', 10, -999, 'Jęczniki Wielkie'),
	(191, 'Mirogniew', 10, -999, 'Bukowo'),
	(192, 'Mosiny', 10, -999, 'Mosiny'),
	(193, 'Murzynowo', 10, -999, 'Kołdowo'),
	(194, 'Nieżywięć', 10, -999, 'Nieżywięć'),
	(195, 'Nowosiółki', 10, -999, 'Kołdowo'),
	(196, 'Piaskowo', 10, -999, 'Kołdowo'),
	(197, 'Płonica', 10, -999, 'Płonica'),
	(198, 'Polnica', 10, -999, 'Polnica'),
	(199, 'Polniczka', 10, -999, 'Polnica'),
	(200, 'Przytok', 10, -999, 'Mosiny'),
	(201, 'Rogowo', 10, -999, 'Barkowo'),
	(202, 'Rychnowy', 10, -999, 'Rychnowy'),
	(203, 'Sieroczyn', 10, -999, 'Sieroczyn'),
	(204, 'Skarszewo', 10, -999, 'Skarszewo'),
	(205, 'Skórzewo', 10, -999, 'Sieroczyn'),
	(206, 'Sokole', 10, -999, 'Polnica'),
	(207, 'Stara Rogoźnica', 10, -999, 'Polnica'),
	(208, 'Stołczno', 10, -999, 'Stołczno'),
	(209, 'Wierzchowo', 10, -999, 'Wierzchowo'),
	(210, 'Wierzchowo-Dworzec', 10, -999, 'Wierzchowo'),
	(211, 'Zagórki', 10, -999, 'Rychnowy'),
	(212, 'Zbrzyca', 10, -999, 'Kołdowo'),
	(213, 'Zielątkowo', 10, -999, 'Kiełpin');

insert into streets(`id`, `name`, `place_id`) values
	(1, '-', 1),
	(2, '-', 2),
	(3, '-', 3),
	(4, 'Barlickiego', 3),
	(5, 'Brzozowa', 3),
	(6, 'Chopina', 3),
	(7, 'Cicha', 3),
	(8, 'Czerniakowska', 3),
	(9, 'Długa', 3),
	(10, 'Dobra', 3),
	(11, 'Duboisa', 3),
	(12, 'Górna', 3),
	(13, 'Gronowska', 3),
	(14, 'Harcerska', 3),
	(15, 'Jeziorna', 3),
	(16, 'Jana Kochanowskiego', 3),
	(17, 'Bł. Aniceta Koplińskiego', 3),
	(18, 'Kościuszki', 3),
	(19, 'Królewska', 3),
	(20, 'Leśna', 3),
	(21, 'Mickiewicza', 3),
	(22, 'Miła', 3),
	(23, 'Miodowa', 3),
	(24, 'Młyńska', 3),
	(25, 'Mokotowska', 3),
	(26, 'Moniuszki', 3),
	(27, 'Niepodległości', 3),
	(28, 'Ogrodowa', 3),
	(29, 'Okrzei', 3),
	(30, 'Os. Słoneczne', 3),
	(31, 'Parkowa', 3),
	(32, 'Plac Lotników Polskich', 3),
	(33, 'Plac Pocztowy', 3),
	(34, 'Pogodna', 3),
	(35, 'Polna', 3),
	(36, 'Poprzeczna', 3),
	(37, 'Przechodnia', 3),
	(38, 'Rataja', 3),
	(39, 'Rondo Miast Frydlandzkich', 3),
	(40, 'Rondo Wrota Pomorza', 3),
	(41, 'Rynek', 3),
	(42, 'Sezamkowa', 3),
	(43, 'Sienkiewicza', 3),
	(44, 'Ks. Skorupki', 3),
	(45, 'Słoneczna', 3),
	(46, 'Spacerowa', 3),
	(47, 'Sportowa', 3),
	(48, 'Strzelecka', 3),
	(49, 'Szkolna', 3),
	(50, 'Traugutta', 3),
	(51, 'Trębacka', 3),
	(52, 'Wąska', 3),
	(53, 'Witosa', 3),
	(54, 'Wojska Polskiego', 3),
	(55, 'Wspólna', 3),
	(56, 'Wypoczynkowa', 3),
	(57, 'Zielona', 3),
	(58, 'Zjednoczenia', 3),
	(59, '-', 4),
	(60, '-', 5),
	(61, '-', 6),
	(62, '-', 7),
	(63, '-', 8),
	(64, '-', 9),
	(65, '-', 10),
	(66, '-', 11),
	(67, '-', 12),
	(68, '-', 13),
	(69, '-', 14),
	(70, '-', 15),
	(71, '-', 16),
	(72, '-', 17),
	(73, '-', 18),
	(74, '-', 19),
	(75, '-', 20),
	(76, '-', 21),
	(77, '-', 22),
	(78, '-', 23),
	(79, '-', 24),
	(80, '-', 25),
	(81, '-', 26),
	(82, '-', 27),
	(83, '-', 28),
	(84, '-', 29),
	(85, '-', 30),
	(86, '-', 31),
	(87, '-', 32),
	(88, '-', 33),
	(89, '-', 34),
	(90, '-', 35),
	(91, '-', 36),
	(92, '-', 37),
	(93, '-', 38),
	(94, 'Al. Zwycięzców', 38),
	(95, 'Al Św. Józefa', 38),
	(96, 'Brzozowa', 38),
	(97, 'Ciasna', 38),
	(98, 'Cicha', 38),
	(99, 'Cisowa', 38),
	(100, 'Cmentarna', 38),
	(101, 'Długa', 38),
	(102, 'Dolna', 38),
	(103, 'Dworcowa', 38),
	(104, 'Kanałowa', 38),
	(105, 'Kasztanowa', 38),
	(106, 'Kolejowa', 38),
	(107, 'Kościelna', 38),
	(108, 'kościuszki', 38),
	(109, 'Kwiatowa', 38),
	(110, 'Leśna', 38),
	(111, 'Lipowa', 38),
	(112, 'Łąkowa', 38),
	(113, 'Marszałkowska', 38),
	(114, 'Mickiewicza', 38),
	(115, 'Miła', 38),
	(116, 'Młyńska', 38),
	(117, 'Moniuszki', 38),
	(118, 'Nowa', 38),
	(119, 'Ogrodowa', 38),
	(120, 'Orzechowa', 38),
	(121, 'Parkowa', 38),
	(122, 'Piaskowa', 38),
	(123, 'Pl. im. Jana Pawła II', 38),
	(124, 'Plac Wolności', 38),
	(125, 'Podmurna', 38),
	(126, 'Polna', 38),
	(127, 'Poprzeczna', 38),
	(128, 'Przemysłowa', 38),
	(129, 'Przytulna', 38),
	(130, 'Robotnicza', 38),
	(131, 'Różana', 38),
	(132, 'Słoneczna', 38),
	(133, 'Sosnowa', 38),
	(134, 'Spokojna', 38),
	(135, 'Strażacka', 38),
	(136, 'Strzelecka', 38),
	(137, 'Studzienna', 38),
	(138, 'Szczecinecka', 38),
	(139, 'Szkolna', 38),
	(140, 'Szosowa', 38),
	(141, 'Świerkowa', 38),
	(142, 'Targowa', 38),
	(143, 'Wąska', 38),
	(144, 'Wesoła', 38),
	(145, 'Widok', 38),
	(146, 'Wiśniowa', 38),
	(147, 'Zamkowa', 38),
	(148, 'Zielona', 38),
	(149, 'Złota', 38),
	(150, '-', 39),
	(151, 'Człuchowska', 39),
	(152, 'Jagodowa', 39),
	(153, 'Jaworowa', 39),
	(154, 'Południowa', 39),
	(155, 'Pomorska', 39),
	(156, 'Sarniak', 39),
	(157, 'Sobieskiego', 39),
	(158, 'Wojska Polskiego', 39),
	(159, '-', 40),
	(160, '-', 41),
	(161, '-', 42),
	(162, '-', 43),
	(163, '-', 44),
	(164, '-', 45),
	(165, '-', 46),
	(166, '-', 47),
	(167, '-', 48),
	(168, '-', 49),
	(169, '-', 50),
	(170, '-', 51),
	(171, '-', 52),
	(172, '-', 53),
	(173, '-', 54),
	(174, '-', 55),
	(175, '-', 56),
	(176, '-', 57),
	(177, '-', 58),
	(178, '-', 59),
	(179, '-', 60),
	(180, '-', 61),
	(181, '-', 62),
	(182, '-', 63),
	(183, '-', 64),
	(184, '-', 65),
	(185, '-', 66),
	(186, '-', 67),
	(187, '-', 68),
	(188, '-', 69),
	(189, '-', 70),
	(190, '-', 71),
	(191, '-', 72),
	(192, '-', 73),
	(193, '-', 74),
	(194, '-', 75),
	(195, '-', 76),
	(196, '-', 77),
	(197, '-', 78),
	(198, '-', 79),
	(199, '-', 80),
	(200, '-', 81),
	(201, '-', 82),
	(202, '-', 83),
	(203, '-', 84),
	(204, 'Akacjowa', 84),
	(205, 'Brzoskwiniowa', 84),
	(206, 'Brzozowa', 84),
	(207, 'Chabrowa', 84),
	(208, 'Cicha', 84),
	(209, 'Człuchowska', 84),
	(210, 'Dereniowa', 84),
	(211, 'Dębowa', 84),
	(212, 'Dworcowa', 84),
	(213, 'Jabłoniowa', 84),
	(214, 'Jagodowa', 84),
	(215, 'Jeziorna', 84),
	(216, 'Jeżynowa', 84),
	(217, 'Kasztanowa', 84),
	(218, 'Krokusowa', 84),
	(219, 'Krótka', 84),
	(220, 'Kwiatów Polnych', 84),
	(221, 'Lesna', 84),
	(222, 'Letniskowa', 84),
	(223, 'Makowa', 84),
	(224, 'Miodowa', 84),
	(225, 'Młyńska', 84),
	(226, 'Modrzewiowa', 84),
	(227, 'Morelowa', 84),
	(228, 'os. Bronisława Jużkowa', 84),
	(229, 'os. Południe', 84),
	(230, 'os. Północ', 84),
	(231, 'Parkowa', 84),
	(232, 'Pastelowa', 84),
	(233, 'Polna', 84),
	(234, 'Porzeczkowa', 84),
	(235, 'Rzeczenicka', 84),
	(236, 'Słoneczna', 84),
	(237, 'Spacerowa', 84),
	(238, 'Spokojna', 84),
	(239, 'Staroszkolna', 84),
	(240, 'Szkolna', 84),
	(241, 'Średnia', 84),
	(242, 'Świerkowa', 84),
	(243, 'Turystyczna', 84),
	(244, 'Wczasowa', 84),
	(245, 'Wiśniowa', 84),
	(246, 'Wrzosowa', 84),
	(247, 'Wypoczynkowa', 84),
	(248, 'Zbożowa', 84),
	(249, 'Zielona Dolina', 84),
	(250, '-', 85),
	(251, '-', 86),
	(252, '-', 87),
	(253, '-', 88),
	(254, '-', 89),
	(255, '-', 90),
	(256, '-', 91),
	(257, '-', 92),
	(258, '-', 93),
	(259, '-', 94),
	(260, '-', 95),
	(261, '-', 96),
	(262, '-', 97),
	(263, '-', 98),
	(264, '-', 99),
	(265, '-', 100),
	(266, '-', 101),
	(267, '-', 102),
	(268, '-', 103),
	(269, '-', 104),
	(270, '-', 105),
	(271, 'Akacjowa', 105),
	(272, 'Człuchowska', 105),
	(273, 'Klonowa', 105),
	(274, 'Kościelna', 105),
	(275, 'Krótka', 105),
	(276, 'Leśna', 105),
	(277, 'Miastecka', 105),
	(278, 'Młodzieżowa', 105),
	(279, 'Ogrodowa', 105),
	(280, 'Polna', 105),
	(281, 'Południowa', 105),
	(282, 'Przemysłowa', 105),
	(283, 'Słoneczna', 105),
	(284, 'Spacerowa', 105),
	(285, 'Sportowa', 105),
	(286, 'Szkolna', 105),
	(287, 'Tęczonwa', 105),
	(288, 'Wrzosowa', 105),
	(289, 'Zachodnia', 105),
	(290, 'Zielona', 105),
	(291, '-', 106),
	(292, '-', 107),
	(293, '-', 108),
	(294, '-', 109),
	(295, '-', 110),
	(296, '-', 111),
	(297, '-', 112),
	(298, '-', 113),
	(299, '-', 114),
	(300, '-', 115),
	(301, '-', 116),
	(302, '-', 117),
	(303, '-', 118),
	(304, '-', 119),
	(305, '-', 120),
	(306, '-', 121),
	(307, '-', 122),
	(308, '-', 123),
	(309, '-', 124),
	(310, '-', 125),
	(311, '-', 126),
	(312, '-', 127),
	(313, '-', 128),
	(314, '-', 129),
	(315, '-', 130),
	(316, '-', 131),
	(317, '-', 132),
	(318, '-', 133),
	(319, '-', 134),
	(320, '-', 135),
	(321, '-', 136),
	(322, '-', 137),
	(323, '-', 138),
	(324, '-', 139),
	(325, '-', 140),
	(326, '-', 141),
	(327, '-', 142),
	(328, '-', 143),
	(329, '-', 144),
	(330, '-', 145),
	(331, '-', 146),
	(332, '-', 147),
	(333, '-', 148),
	(334, '-', 149),
	(335, '-', 150),
	(336, 'Akacjowa', 150),
	(337, 'Białobórska', 150),
	(338, 'Cicha', 150),
	(339, 'Czarna', 150),
	(340, 'Człuchowska', 150),
	(341, 'Leśna', 150),
	(342, 'Lipowa', 150),
	(343, 'Łąkowa', 150),
	(344, 'Nowa', 150),
	(345, 'Piaskowa', 150),
	(346, 'Pogodna', 150),
	(347, 'Polna', 150),
	(348, 'Przechlewska', 150),
	(349, 'lecia Odzyskania Niepodległości', 150),
	(350, 'os. Rzewnica', 150),
	(351, 'Słoneczna', 150),
	(352, 'os. Wybudowanie', 150),
	(353, '-', 151),
	(354, '-', 152),
	(355, '-', 153),
	(356, '-', 154),
	(357, '-', 155),
	(358, '-', 156),
	(359, '-', 157),
	(360, 'Al. jana Pawła II', 157),
	(361, 'Al. Ks. Kard. Stefana Wyszyńskiego', 157),
	(362, 'Al. Wojska Polskiego', 157),
	(363, 'Armii Krajowej', 157),
	(364, 'Gen. Bema', 157),
	(365, 'Bolesława Chrobrego', 157),
	(366, 'Broniewskiego Władysława', 157),
	(367, 'Brzezińskiego Aleksandra', 157),
	(368, 'Fryderyka Chopina', 157),
	(369, 'Dąbrowskiego Jarosława', 157),
	(370, 'Długosza', 157),
	(371, 'Dworcowa', 157),
	(372, 'Felczaka', 157),
	(373, 'Garbarska', 157),
	(374, 'Grodzisko', 157),
	(375, 'mjr. Hubala', 157),
	(376, 'Jacka i Agatki', 157),
	(377, 'Jagiellońska', 157),
	(378, 'Stanisława Janta - Lipińskiego', 157),
	(379, 'Jerzego z Dąbrowy', 157),
	(380, 'Jeziorna', 157),
	(381, 'Kamienna', 157),
	(382, 'Kasztanowa', 157),
	(383, 'Kaszubska', 157),
	(384, 'Kosynierów', 157),
	(385, 'Koszalińska', 157),
	(386, 'Kościelna', 157),
	(387, 'Kościuszki ', 157),
	(388, 'Krasickiego', 157),
	(389, 'Kraszewskiego', 157),
	(390, 'Królewska', 157),
	(391, 'Krótka', 157),
	(392, 'Krzyżowa', 157),
	(393, 'Kusocińskiego', 157),
	(394, 'Kwiatowa', 157),
	(395, 'Leśna', 157),
	(396, 'Łąkowa', 157),
	(397, 'Mickiewicza', 157),
	(398, 'Mieszka I', 157),
	(399, 'Moniuszki', 157),
	(400, 'Nowaka – Jeziorańskiego', 157),
	(401, 'Ogrodowa', 157),
	(402, 'os. gen. Władysława Sikorskiego', 157),
	(403, 'os. Młodych', 157),
	(404, 'os. Piastowskie', 157),
	(405, 'Os. Wazów', 157),
	(406, 'os. Wincentego Witosa', 157),
	(407, 'Parkowa', 157),
	(408, 'Plac Bohaterów', 157),
	(409, 'Plac Wolności', 157),
	(410, 'Plantowa', 157),
	(411, 'Polna', 157),
	(412, 'Przemysłowa', 157),
	(413, 'Racławicka', 157),
	(414, 'Rondo Jana Pawła II', 157),
	(415, 'Rondo ks. Antoniego Wołka – Wacłowskiego', 157),
	(416, 'Rondo Miast Partnerskich', 157),
	(417, 'Rondo Józefa Wojtasika', 157),
	(418, 'Różana', 157),
	(419, 'Rynek', 157),
	(420, 'Rzemieślnicza', 157),
	(421, 'Sienkiewicza', 157),
	(422, 'Słoneczna', 157),
	(423, 'Słowackiego', 157),
	(424, 'Sobieskiego', 157),
	(425, 'Stajenna', 157),
	(426, 'Stefana Batorego ', 157),
	(427, 'Szczecińska', 157),
	(428, 'Szkolna', 157),
	(429, 'Średnia', 157),
	(430, 'Towarowa', 157),
	(431, 'Traugutta', 157),
	(432, 'Wejhera', 157),
	(433, 'Zamkowa', 157),
	(434, 'Zatorze', 157),
	(435, 'Żółkiewskiego', 157),
	(436, '-', 158),
	(437, 'Al. Lawendowa', 158),
	(438, 'Al. Wiosenna', 158),
	(439, 'Al. Wojska Polskiego', 158),
	(440, 'Azaliowa', 158),
	(441, 'Gen. Bema', 158),
	(442, 'Jóżefa Berenta', 158),
	(443, 'Bolesława Chrobrego', 158),
	(444, 'Bratkowa', 158),
	(445, 'Buszewska', 158),
	(446, 'Chojnicka', 158),
	(447, 'Czarnieckiego Stefana', 158),
	(448, 'Drzymały', 158),
	(449, 'Fiołkowa', 158),
	(450, 'Forsycjowa', 158),
	(451, 'Hortensjowa', 158),
	(452, 'Jagiellońska', 158),
	(453, 'Jakubowskiego Jana Berenda', 158),
	(454, 'Jaśminowa', 158),
	(455, 'Jerzego z Dąbrowy', 158),
	(456, 'Jeziorna', 158),
	(457, 'Kalinowa', 158),
	(458, 'Kamienna', 158),
	(459, 'Kazimierza Wielkiego', 158),
	(460, 'Ketlinga', 158),
	(461, 'Edmunda Kloskowskiego', 158),
	(462, 'Kmicica', 158),
	(463, 'Hugo Kołłątaja', 158),
	(464, 'Konwaliowa', 158),
	(465, 'ks. Kordeckiego', 158),
	(466, 'Koszalińska', 158),
	(467, 'Konstantego Kościńskiego', 158),
	(468, 'Kozioła', 158),
	(469, 'Krokusowa', 158),
	(470, 'Leśna', 158),
	(471, 'Magnoliowa', 158),
	(472, 'Malinowa', 158),
	(473, 'Motocrossowa', 158),
	(474, 'Narcyzowa', 158),
	(475, 'Niemcewicza', 158),
	(476, 'os. Młodych', 158),
	(477, 'os. Wincentego Witosa', 158),
	(478, 'Pigwowa', 158),
	(479, 'Podbipięty', 158),
	(480, 'Polna', 158),
	(481, 'Porzeczkowa', 158),
	(482, 'Potockiego', 158),
	(483, 'Pszeniczna', 158),
	(484, 'Rataja', 158),
	(485, 'Reja', 158),
	(486, 'Reymonta', 158),
	(487, 'Rondo Józefa Wojtasika', 158),
	(488, 'Rzepakowa', 158),
	(489, 'Sasankowa', 158),
	(490, 'Sienkiewicza', 158),
	(491, 'Skrzetuskiego', 158),
	(492, 'Stanisława Poniatowskiego', 158),
	(493, 'Stanisława Staszica', 158),
	(494, 'Stokrotkowa', 158),
	(495, 'Szczecińska', 158),
	(496, 'Traugutta', 158),
	(497, 'Wiejska', 158),
	(498, 'Wiśniowa', 158),
	(499, 'Władysława Łokietka', 158),
	(500, 'Wołodyjowskiego', 158),
	(501, 'Zagłoby', 158),
	(502, 'Zasadzkiego', 158),
	(503, 'Zbożowa', 158),
	(504, 'Zytnia', 158),
	(505, '-', 159),
	(506, '-', 160),
	(507, '-', 161),
	(508, '-', 162),
	(509, '-', 163),
	(510, '-', 164),
	(511, '-', 165),
	(512, '-', 166),
	(513, '-', 167),
	(514, '-', 168),
	(515, '-', 169),
	(516, '-', 170),
	(517, '-', 171),
	(518, '-', 172),
	(519, '-', 173),
	(520, '-', 174),
	(521, 'Kwiatowa', 174),
	(522, 'Polna', 174),
	(523, '-', 175),
	(524, '-', 176),
	(525, '-', 177),
	(526, '-', 178),
	(527, 'Kolinowe os.', 178),
	(528, '-', 179),
	(529, '-', 180),
	(530, '-', 181),
	(531, 'Makowa', 181),
	(532, '-', 182),
	(533, '-', 183),
	(534, 'Bajkowa', 183),
	(535, 'Cicha', 183),
	(536, 'Dobra', 183),
	(537, 'Jasna', 183),
	(538, 'Spokojna', 183),
	(539, '-', 184),
	(540, '-', 185),
	(541, 'Boczna', 185),
	(542, 'Nowa', 185),
	(543, 'Widokowa', 185),
	(544, '-', 186),
	(545, '-', 187),
	(546, '-', 188),
	(547, '-', 189),
	(548, '-', 190),
	(549, '-', 191),
	(550, '-', 192),
	(551, '-', 193),
	(552, '-', 194),
	(553, 'Ametystowa', 194),
	(554, 'Bazaltowa', 194),
	(555, 'Krzemowa', 194),
	(556, 'Pogodna', 194),
	(557, 'Radosna', 194),
	(558, 'Wiosenna', 194),
	(559, '-', 195),
	(560, '-', 196),
	(561, 'Diamentowa', 196),
	(562, 'Koralowa', 196),
	(563, 'Rubinowa', 196),
	(564, 'Zasisze os.', 196),
	(565, '-', 197),
	(566, '-', 198),
	(567, '-', 199),
	(568, '-', 200),
	(569, '-', 201),
	(570, '-', 202),
	(571, 'al. Akacjowa', 202),
	(572, 'Brzozowa', 202),
	(573, 'Jaśminowa', 202),
	(574, 'Jodłowa', 202),
	(575, 'Kalinowa', 202),
	(576, 'Klonowa', 202),
	(577, 'Lipowa', 202),
	(578, 'Mordzewiowa', 202),
	(579, 'Sosnowa', 202),
	(580, 'Spacerowa', 202),
	(581, 'Świerkowa', 202),
	(582, '-', 203),
	(583, 'Rumiankowa', 203),
	(584, 'W Dolinie', 203),
	(585, '-', 204),
	(586, '-', 205),
	(587, '-', 206),
	(588, '-', 207),
	(589, '-', 208),
	(590, '-', 209),
	(591, '-', 210),
	(592, 'Brzozowa', 210),
	(593, 'Dworcowa', 210),
	(594, 'Gajowa', 210),
	(595, 'Młyńska', 210),
	(596, 'Słoneczna', 210),
	(597, 'Stalowa', 210),
	(598, 'Szkolna', 210),
	(599, 'Żytnia', 210),
	(600, '-', 211),
	(601, '-', 212),
	(602, '-', 213);


------------------------------------
--
-- Investors
--
------------------------------------


insert into investors(`id`, `name`, `address`, `is_legal`) values
	(null, '"ODEJEWSKI - ODAN" Sp.  Z o.o.', '77-300 Człuchów, Sieroczyn 4a', True),
	(null, '"ROLA" Sp. z o.o.', '77-300 Człuchów, ul. Słowackiego 19', True),
	(null, '"SZCZEPAN" J. SZCZEPAŃSKI i Z. SZCZEPAŃSKI', '77-300 Człuchów, ul. Słowackiego 13', True),
	(null, '„POLSTYR” Sp. z o. o.', '77-300 Człuchów, ul. Koszalińska 4', True),
	(null, 'Powiat Człuchowski', '77-300 Człuchów, al. Wojska Polskiego 1', True),
	(null, 'Gmina Miejska Człuchów', '77-300 Człuchów, al. Wojska Polskiego 1', True),
	(null, 'Gmina Człuchów', '77-300 człuchów, ul. Szczecińska 33', True),
	(null, 'Wójt Człuchowa', '77-300 człuchów, ul. Szczecińska 33', True),
	(null, 'Burmistrz Miasta Człuchów', '77-300 Człuchów, al. Wojska Polskiego 1', True),
	(null, 'Gmina Czarne', '77-330 Czarne, ul. Moniuszki 12', True),
	(null, 'Burmistrz Czarnego', '77-330 Czarne, ul. Moniuszki 12', True),
	(null, 'Gmina Debrzno', '77-310 Debrzno, ul. Traugutta 2', True),
	(null, 'Burmistrz Debrzna', '77-310 Debrzno, ul. Traugutta 2', True),
	(null, 'PINB w Człuchowie', '77-300 Człuchów, al. Wojska Polskiego 5', True),
	(null, 'Gmina Przechlewo', '77-320 Przechewo, ul. Człuchowska 26', True),
	(null, 'Wójt Gminy Przechlewo', '77-320 Przechewo, ul. Człuchowska 26', True),
	(null, 'Zakład Karny w Czarnem', '77-330 Czarne, ul. Pomorska 1 ', True),
	(null, 'Nadleśnictwo Czarnobór ', '78-400 Szczecinek, Czarnobór 1 ', True),
	(null, 'GABI BIS JERCZYŃSKI Sp. K', '63-645 Łęka Opatowska, Piaski 9a', True),
	(null, 'Ośrodek Sportu i Rekreacji  w Człuchowie', '77-300 Człuchów, al. Wojska Polskiego 7', True),
	(null, 'POLTAREX Polskie Drewno Sp. z o.o. ', '77-320 Szczytno, Szczytno 24', True),
	(null, '"TELMAX" E.R. Gliszczyńscy', '77-300 Człuchów, ul. Batorego 2', True),
	(null, 'Spódzielnia Mieszkaniowa Lokatorsko-Własnościowa "Pomorzanka"', '77-300 Człuchów, os. Piastowskie 1', True),
	(null, 'Zarząd Powiatu Człuchowskiego', '77-300 Człuchów, al. Wojska Polskiego 1', True),
	(null, 'STEC KARTON Sp. z o.o.', '77-300 Człuchów, ul. Koszalińska 25', True);


------------------------------------
--
-- Construction Law
--
------------------------------------


insert into construction_law_categories(`id`, `name`, `register_type`) values
	-- art. 29 Pr.bud. 6743.2
	(1, 'Budowa', 'Zg. Zwykłe (6743.2)'),
	(2, 'Budowa', 'Tymczasowe (6743.5)'),
	(3, 'Przebudowa', 'Zg. Zwykłe (6743.2)'),
	(4, 'Remont', 'Zg. Zwykłe (6743.2)'),
	(5, 'Instalowanie', 'Zg. Zwykłe (6743.2)'),
	(6, 'Inne', 'Zg. Zwykłe (6743.2)'),
	-- art. 29 Pr.bud. BiP
	(7, 'Budowa', 'BiP (6743.4)'),
	(8, 'Przebudowa', 'BiP (6743.4)'),
	(9, 'Instalowanie', 'BiP (6743.4)'),
	(10, 'Inne', 'BiP (6743.4)'),
	-- art.29 pr.bud. tymczasem
	(11, 'Inne', 'Tymczasowe (6743.5)');

insert into construction_law_intents(`id`, `intent`, `category_id`, `legal_basis`, `additional_requirements`) values
	-- art. 29 Pr.bud. 6743.2
	(null, 'obiekty budowlane, niewymienionych w pkt 2, 3 i 5-30 oraz w ust. 2, usytuowanych na terenach zamkniętych', 1, 'Art. 29 ust. 1, Pkt 4', '-'),
	(null, 'oczyszczalnia ścieków o wydajności do 7,50 m3 na dobę', 1, 'Art. 29 ust. 1, Pkt 5', '-'),
	(null, 'zbiornik bezodpływowy na nieczystości ciekłe o pojemności do 10 m3', 1, 'Art. 29 ust. 1, Pkt 6', '-'),
	(null, 'tymczasowych obiekt budowlany niepołączony trwale z gruntem i przewidzianych do rozbiórki lub przeniesienia w inne miejsce - w terminie określonym w zgłoszeniu, ale nie później niż przed upływem 180 dni od dnia rozpoczęcia budowy określonego w zgłoszeniu', 2, 'Art. 29 ust. 1, Pkt 7', '-'),
	(null, 'pomost o długości całkowitej do 25 m i wysokości, liczonej od korony pomostu do dna akwenu, do 2,50 m', 1, 'Art. 29 ust. 1, Pkt 8', '-'),
	(null, 'instalacji zbiornikowych na gaz płynny z pojedynczym zbiornikiem o pojemności do 7 m3, przeznaczonych do zasilania instalacji gazowych w budynkach mieszkalnych jednorodzinnych', 1, 'Art. 29 ust. 1, Pkt 9', 'projekt zagospodarowania działki lub terenu wraz z opisem technicznym instalacji, wykonany przez projektanta posiadającego odpowiednie uprawnienia budowlane'),
	(null, 'kanalizacja kablowa', 1, 'Art. 29 ust. 1, Pkt 10', '-'),
	(null, 'zjazd z dróg krajowych i wojewódzkich oraz zatok parkingowych na tych drogach', 1, 'Art. 29 ust. 1, Pkt 11', '-'),
	(null, 'obiekty budowlane służące bezpośrednio do wykonywania działalności regulowanej ustawą z dnia 9 czerwca 2011 r. -Prawo geologiczne i górnicze, w zakresie poszukiwania i rozpoznawania złóż węglowodorów', 1, 'Art. 29 ust. 1, Pkt 12', '-'),
	(null, 'obiekty budowlane piętrzące wodę i upustowych o wysokości piętrzenia poniżej 1 m poza śródlądowymi drogami wodnymi oraz poza obszarem parków narodowych, rezerwatów przyrody i parków krajobrazowych oraz ich otulin', 1, 'Art. 29 ust. 1, Pkt 13', '-'),
	(null, 'wolnostojacy parterowy budynek gospodarczy o pow. do 35 m2 / max 2 na 500 m2 powierzchni działki', 1, 'Art. 29 ust. 1, Pkt 14 lit a)', '-'),
	(null, 'wolnostojacy garaż o pow. do 35 m2 / max 2 na 500 m2 powierzchni działki', 1, 'Art. 29 ust. 1, Pkt 14 lit b)', '-'),
	(null, 'wolnostojaca wiata o pow. do 35 m2 / max 2 na 500 m2 powierzchni działki', 1, 'Art. 29 ust. 1, Pkt 14 lit c)', '-'),
	(null, 'Przydomowy ganek o pow. do 35 m2 / max 2 na 500 m2 powierzchni działki', 1, 'Art. 29 ust. 1, Pkt 15 lit a)', '-'),
	(null, 'Przydomowa oranżeria (ogród zimowy) o pow. do 35 m2 - max 2 na 500 m2 powierzchni działki', 1, 'Art. 29 ust. 1, Pkt 15 lit b)', '-'),
	(null, 'Wolno stojących parterowych budynków rekreacji indywidualnej rozumianych jako budynki przeznaczone do okresowego wypoczynku, o powierzchni zabudowy do 35 m2 / max 1 na 500 m2 powierzchni działki', 1, 'Art. 29 ust. 1, Pkt 16 lit a)', '-'),
	(null, 'Wolno stojący parterowy bud.rekreacji indyw. rozumiany jako budynki przeznaczone do okresowego wypoczynku, pow.35 m2, ale nie więcej niż 70 m2, przy rozp. elementów konstr. do 6 m i wysięgu wsporników do 2 m / max 1 na 500 m2 powierzchni działki', 1, 'Art. 29 ust. 1, Pkt 16 lit b)', '-'),
	(null, 'parterowy budynek o powierzchni zabudowy do 35 m2, służących jako zaplecze do bieżącego utrzymania linii kolejowych, położonych na terenach stanowiących własność Skarbu Państwa, sytuowanych na obszarze Natura 2000', 1, 'Art. 29 ust. 1, Pkt 17', '-'),
	(null, 'Gospo. obiekt bud. o pow. zabudowy do 35 m2, przy rozp. konstrukcji nie większej niż 4,80 m, na cele gospodarki leśnej i położonych na gruntach leśnych Skarbu Państwa, sytuowanych na obszarze Natura 2000', 1, 'Art. 29 ust. 1, Pkt 18', '-'),
	(null, 'Stawy i zbiorniki wodnych o powierzchni nieprzekraczającej 500 m2 i głębokości nieprzekraczającej 2 m od naturalnej powierzchni terenu, na cele gospodarki leśnej i położonych na gruntach leśnych Skarbu Państwa, sytuowanych na obszarze Natura 2000', 1, 'Art. 29 ust. 1, Pkt 18', '-'),
	(null, 'stanowiska postojowe dla samochodów osobowych do 10 stanowisk włącznie, sytuowanych na obszarze Natura 2000', 1, 'Art. 29 ust. 1, Pkt 19', '-'),
	(null, 'boisko szkolne oraz boisko, kortów tenisowych, bieżni służących do rekreacji', 1, 'Art. 29 ust. 1, Pkt 20', '-'),
	(null, 'ogrodzenie o wysokości powyżej 2,2 m', 1, 'Art. 29 ust. 1, Pkt 21', '-'),
	(null, 'Przydomowy taras naziemny o powierzchni zabudowy powyżej 35 m2', 1, 'Art. 29 ust. 1, Pkt 22', '-'),
	(null, 'Przyłącze: elektroenergetyczne', 1, 'Art. 29 ust. 1, Pkt 23 lit a)', 'projekt zagospodarowania działki lub terenu wraz z opisem technicznym instalacji, wykonany przez projektanta posiadającego odpowiednie uprawnienia budowlane'),
	(null, 'Przyłącze: wodociągowe', 1, 'Art. 29 ust. 1, Pkt 23 lit b)', 'projekt zagospodarowania działki lub terenu wraz z opisem technicznym instalacji, wykonany przez projektanta posiadającego odpowiednie uprawnienia budowlane'),
	(null, 'Przyłącze: kanalizacyjne', 1, 'Art. 29 ust. 1, Pkt 23 lit c)', 'projekt zagospodarowania działki lub terenu wraz z opisem technicznym instalacji, wykonany przez projektanta posiadającego odpowiednie uprawnienia budowlane'),
	(null, 'Przyłącze: gazowe', 1, 'Art. 29 ust. 1, Pkt 23 lit d)', 'projekt zagospodarowania działki lub terenu wraz z opisem technicznym instalacji, wykonany przez projektanta posiadającego odpowiednie uprawnienia budowlane'),
	(null, 'Przyłącze: cieplne', 1, 'Art. 29 ust. 1, Pkt 23 lit e)', 'projekt zagospodarowania działki lub terenu wraz z opisem technicznym instalacji, wykonany przez projektanta posiadającego odpowiednie uprawnienia budowlane'),
	(null, 'Przyłącze: telekomunikacyjne', 1, 'Art. 29 ust. 1, Pkt 23 lit f)', 'projekt zagospodarowania działki lub terenu wraz z opisem technicznym instalacji, wykonany przez projektanta posiadającego odpowiednie uprawnienia budowlane'),
	(null, 'kanał technologiczny, w rozumieniu art. 4 pkt 15a ustawy z dnia 21 marca 1985 r. o drogach publicznych w pasie drogowym w ramach przebudowy drogi', 1, 'Art. 29 ust. 1, Pkt 24', '-'),
	(null, 'stacja ładowania, w rozumieniu art. 2 pkt 27 ustawy z dnia 11 stycznia 2018 r. o elektromobilności i paliwach alternatywnych z wyłączeniem infrastruktury ładowania drogowego transportu publicznego w rozumieniu art. 2 pkt 3 tej ustawy', 1, 'Art. 29 ust. 1, Pkt 25', '-'),
	(null, 'niecka dezynfekcyjna, w tym niecek dezynfekcyjnych z zadaszeniem', 1, 'Art. 29 ust. 1, Pkt 26', '-'),
	(null, 'podbudowa słupowa dla telekomunikacyjnych linii kablowych oraz linii elektroenergetycznych', 1, 'Art. 29 ust. 1, Pkt 27', 'projekt zagospodarowania działki lub terenu, wykonany przez projektanta posiadającego wymagane uprawnienia budowlane'),
	(null, 'Obiekty małej architektury w miejscach publicznych', 1, 'Art. 29 ust. 1, Pkt 28', 'projekt zagospodarowania działki lub terenu, wykonany przez projektanta posiadającego wymagane uprawnienia budowlane '),
	(null, 'płyta do składowania obornika - obiekt gospodarczy związany z produkcją rolną i uzupełniający zabudowę zagrodową w ramach istniejącej działki siedliskowej', 1, 'Art. 29 ust. 1, Pkt 29 lit a)', '-'),
	(null, 'szczelny zbiornik na gnojówkę lub gnojowicę - obiekt gospodarczy związany z produkcją rolną i uzupełniający zabudowę zagrodową w ramach istniejącej działki siedliskowej', 1, 'Art. 29 ust. 1, Pkt 29 lit b)', '-'),
	(null, 'naziemny silos na materiały sypkie, o pojemności do 250 m3 i wysokości nie większej niż 15 m – obiekt gospodarczy związany z produkcją rolną i uzupełniający zabudowę zagrodową w ramach istniejącej działki siedliskowej', 1, 'Art. 29 ust. 1, Pkt 29 lit c)', '-'),
	(null, 'Silos na kiszonkę – obiekt gospodarczy związany z produkcją rolną i uzupełniający zabudowę zagrodową w ramach istniejącej działki siedliskowej', 1, 'Art. 29 ust. 1, Pkt 29 lit d)', '-'),
	(null, 'stacja regazyfikacji LNG o pojemności zbiornika magazynowania gazu do 10 m3', 1, 'Art. 29 ust. 1, Pkt 30', 'projekt zagospodarowania działki lub terenu wraz z opisem technicznym instalacji, wykonany przez projektanta posiadającego odpowiednie uprawnienia budowlane'),
	(null, 'stacja regazyfikacji LNG o poj. zbiornika magazynowania gazu równej lub przekraczającej 10 m3, stanowiących tymczasowe obiekty budowlane niepołączone trwale z gruntem i przewidziane do rozbiórki lub przeniesienia w inne miejsce - w terminie określonym w zgłoszeniu, ale nie później niż przed upływem 2 lat od dnia rozpoczęcia budowy określonego w zgłoszeniu;', 2, 'Art. 29 ust. 1, Pkt 30a', 'projekt zagospodarowania działki lub terenu wraz z opisem technicznym instalacji, wykonany przez projektanta posiadającego odpowiednie uprawnienia budowlane'),
	(null, 'stawy i zbiorniki wodne o powierzchni przekraczającej 1000 m2 i nieprzekraczającej 5000 m2 oraz głębokości nieprzekraczającej 3 m, położonych w całości na gruntach rolnych', 1, 'Art. 29 ust. 1, Pkt 31', '-'),
	(null, 'jednokondygnacyjny budynk gosp. o prostej konstrukcji, związanych z prod. rolną, o pow. zab. do 300 m2, rozp. konstrukcji nie większej niż 7 m i wys. nie większej niż 7 m, których obszar oddz. mieści się na działkach, na których zostały zaprojektowane', 1, 'Art. 29 ust. 1, Pkt 32', 'dokumentacja techniczna wykonaną przez projektanta posiadającego odpowiednie uprawnienia budowlane '),
	(null, 'wiata o prostej konstrukcji, związanych z produkcją rolną, o powierzchni zab.do 300 m2, przy rozp. konstrukcji nie większej niż 7 m i wysokości nie większej niż 7 m, których obszar oddziaływania mieści się na działkach, na których zostały zaprojektowane', 1, 'Art. 29 ust. 1, Pkt 32', 'dokumentacja techniczna wykonaną przez projektanta posiadającego odpowiednie uprawnienia budowlane '),
	(null, 'obiektów bud. służący przechowywaniu zboża o maksymalnej poj. 5000 t, usytuowanych w  w granicach admin. portów morskich o podstawowym znaczeniu dla gospodarki narodowej, w rozumieniu art. 2 pkt 3 ustawy z dnia 20 grudnia 1996 r. o portach i przystaniach morskich', 1, 'Art. 29 ust. 1, Pkt 33', 'dokumentacja techniczna wykonaną przez projektanta posiadającego odpowiednie uprawnienia budowlane '),
	(null, 'sieć elektroenergetyczna obejmująca napięcie znamionowe nie wyższe niż 15 kV', 3, 'Art. 29 ust. 3, Pkt 1 lit b)', '-'),
	(null, 'sieć wodociągowa', 3, 'Art. 29 ust. 3, Pkt 1 lit b)', '-'),
	(null, 'sieć kanalizacyjna', 3, 'Art. 29 ust. 3, Pkt 1 lit b)', '-'),
	(null, 'sieć cieplna', 3, 'Art. 29 ust. 3, Pkt 1 lit b)', '-'),
	(null, 'sieć gazowa o ciśnieniu roboczym nie wyższym niż 0,5 MPa', 3, 'Art. 29 ust. 3, Pkt 1 lit b)', '-'),
	(null, 'wolno stojący parterowy budynek stacji transformatorowych i kontenerowych stacji transformatorowych o powierzchni zabudowy do 35 m2', 3, 'Art. 29 ust. 3, Pkt 1 lit b)', '-'),
	(null, 'Instal. zbiornikowych na gaz płynny z pojedynczym zbiornikiem o pojemności do 7 m3, przeznaczonych do zasilania instalacji gazowych w bud. mieszkalnych jednorodzinnych', 3, 'Art. 29 ust. 3, Pkt 1 lit b)', '-'),
	(null, 'zjazd z dróg krajowych i wojewódzkich oraz zatok parkingowych na tych drogach.', 3, 'Art. 29 ust. 3, Pkt 1 lit b)', '-'),
	(null, 'obiekty bud. służące bezpośrednio do wykonywania działalności regulowanej ustawą z dnia 9 czerwca 2011 r. - Prawo geolo. i górnicze w zakresie poszukiwania i rozpoznawania złóż węglowodorów', 3, 'Art. 29 ust. 3, Pkt 1 lit b)', '-'),
	(null, 'obiekty bud. piętrzące wodę i upustowych o wysokości piętrzenia poniżej 1 m poza śródlądowymi drogami wodnymi oraz poza obszarem parków narodowych, rezerwatów przyrody i parków krajobrazowych oraz ich otulin.', 3, 'Art. 29 ust. 3, Pkt 1 lit b)', '-'),
	(null, 'stacja regazyfikacji LNG o poj. zbiornika magazynowania gazu do 10 m3', 3, 'Art. 29 ust. 3, Pkt 1 lit b)', '-'),
	(null, 'sieci gazowych innych niż wymienione w ust. 1 pkt 2 lit. E', 3, 'Art. 29 ust. 3, Pkt 1 lit c)', '-'),
	(null, 'sieci elektroenergetycznych innych niż wymienione w ust. 1 pkt 2 lit. A', 3, 'Art. 29 ust. 3, Pkt 1 lit c)', '-'),
	(null, 'dróg, torów kolejowych i urządzeń z nimi związanych, torów tramwajowych i urządzeń z nimi związanych', 3, 'Art. 29 ust. 3, Pkt 1 lit d)', '-'),
	(null, 'polegającej na dociepleniu budynków o wysokości powyżej 12 m i nie wyższych niż 25 m', 3, 'Art. 29 ust. 3, Pkt 1 lit e)', '-'),
	(null, 'instalacji odnawialnych źródeł energii o łącznej mocy zainstalowanej elektrycznej nie większej niż 1 MW wykorzystujących hydroenergię do wytwarzania energii elektrycznej w rozumieniu ustawy z dnia 20 lutego 2015 r. o odnawialnych źródłach energii', 3, 'Art. 29 ust. 3, Pkt 1 lit f)', '-'),
	(null, 'budowli, których budowa wymaga uzyskania decyzji o pozwoleniu na budowę', 4, 'Art. 29 ust. 3, Pkt 2 lit a)', '-'),
	(null, 'budynków, których budowa wymaga uzyskania decyzji o pozwoleniu na budowę - w zakresie przegród zewnętrznych albo elementów konstrukcyjnych', 4, 'Art. 29 ust. 3, Pkt 2 lit b)', '-'),
	(null, 'na obiektach budowlanych stanowiących albo niestanowiących całości techniczno-użytkowej urządzeń, w tym antenowych konstrukcji wsporczych i instalacji radiokomunikacyjnych, a także związanego z tymi urządzeniami osprzętu i urządzeń zasilających, o wysokości powyżej 3 m', 5, 'Art. 29 ust. 3, Pkt 3 lit a)', '-'),
	(null, 'krat na budynkach mieszkalnych wielorodzinnych, użyteczności publicznej i zamieszkania zbiorowego', 5, 'Art. 29 ust. 3, Pkt 3 lit b)', '-'),
	(null, 'tablic i urządzeń reklamowych, z wyjątkiem reklam świetlnych i podświetlanych usytuowanych poza obszarem zabudowanym w rozumieniu przepisów o ruchu drogowym', 5, 'Art. 29 ust. 3, Pkt 3 lit c)', '-'),
	(null, 'mikroinstalacji biogazu rolniczego, o której mowa w art. 19 ust. 1 ustawy z dnia 20 lutego 2015 r. o odnawialnych źródłach energii.', 5, 'Art. 29 ust. 3, Pkt 3 lit e)', '-'),
	(null, 'nieskatalogowane', 6, '6743.2', '-'),
	-- art. 29 Pr.bud. BiP
	(null, 'Wolno stojących budynków mieszkalnych jednorodzinnych, których obszar oddziaływania mieści się w całości na działce lub działkach, na których zostały zaprojektowane', 7, 'Art. 29 ust. 1, Pkt 1', '-'),
	(null, 'Wolno stojący, nie więcej niż dwukondyg. Bud. m. jednorodzinny o pow. zab.do 70 m2, których obszar oddziaływania mieści się w całości na działkach, na których zostały zaprojektowane, a budowa jest prowadzona w celu zaspokojenia własnych potrzeb mieszkaniowych inwestora', 7, 'Art. 29 ust. 1, Pkt 1a', '-'),
	(null, 'sieć elektroenergetyczna obejmująca napięcie znamionowe nie wyższe niż 15 kV', 7, 'Art. 29 ust. 1, Pkt 2 lit a)', '-'),
	(null, 'sieć wodociągowa', 7, 'Art. 29 ust. 1, Pkt 2 lit b)', '-'),
	(null, 'sieć kanalizacyjna', 7, 'Art. 29 ust. 1, Pkt 2 lit c)', '-'),
	(null, 'sieć cieplna', 7, 'Art. 29 ust. 1, Pkt 2 lit d)', '-'),
	(null, 'sieć gazowa o ciśnieniu roboczym nie wyższym niż 0,5 MPa', 7, 'Art. 29 ust. 1, Pkt 2 lit e)', '-'),
	(null, 'wolno stojący parterowy budynek stacji transformatorowych i kontenerowych stacji transformatorowych o powierzchni zabudowy do 35 m2', 7, 'Art. 29 ust. 1, Pkt 3 ', '-'),
	(null, 'przegród zewnętrznych oraz elementów konstrukcyjnych budynków mieszkalnych jednorodzinnych, o ile nie prowadzi ona do zwiększenia obszaru oddziaływania obiektu poza działkę, na której budynek jest usytuowany', 8, 'Art. 29 ust. 3, Pkt 1 lit a)', '-'),
	(null, 'na zewnątrz użytkowanego budynku instalacji gazowych', 9, 'Art. 29 ust. 3, Pkt 3 lit d)', '-'),
	(null, 'wewnątrz użytkowanego budynku instalacji gazowych', 9, 'Art. 29 ust. 3, Pkt 3 lit d)', '-'),
	(null, 'nieskatalogowane', 10, '6743.4', '-'),
	-- art.29 pr.bud. tymczasem
	(null, 'stacji regazyfikacji LNG o pojemności zbiornika magazynowania gazu równej lub przekraczającej 10 m3', 2, 'Art. 29 ust. 1, Pkt 30a', '-'),
	(null, 'tymczasowego obiektu budowlanego niepołączonego trwale z gruntem i przewidziany do rozbiórki lub przeniesienia w inne miejsce', 2, 'Art. 29 ust. 1, Pkt 7', '-'),
	(null, 'nieskatalogowane', 11, '6743.5', '-');